,url,title,address,price_dayl,img_address,owner_pic_address,owner_gender,owner_name
0,http://dl.xiaozhu.com/fangzi/125823713601.html,机场打车起步，价阳光大床，24小时自助入住！,辽宁省大连市甘井子区东特购物广场爱俪舍,159,"https://image.xiaozhustatic3.com/00,800,533/23,0,10,5633,2666,2000,73bbf34f.jpg","https://image.xiaozhustatic1.com/21/20,0,50,32675,260,260,43995c7f.jpg",Male,h6co
1,http://dl.xiaozhu.com/fangzi/123764760103.html,大连金州区民宿2室一厅,辽宁省大连市金州区解放路360号,80,"https://image.xiaozhustatic3.com/00,800,533/22,0,77,25722,2666,2000,ee3558e1.jpg","https://image.xiaozhustatic1.com/21/22,0,42,22144,132,132,a5f54a94.jpg",Male,缅甸千圣珠宝赌石
2,http://dl.xiaozhu.com/fangzi/112174266701.html,海景大床房,辽宁省大连市中山区明泽街82 号嘉和广场,118,"https://image.xiaozhustatic3.com/00,800,533/20,0,71,22866,1440,1080,67f54cab.jpg","https://image.xiaozhustatic1.com/21/s,3,1zRj,132,132,2,29ee70ff.jpg",NA,小猪用户2816521***...
3,http://dl.xiaozhu.com/fangzi/128479123501.html,公主日记原创房,辽宁省大连市沙河口区凯德和平广场和平现代城C座,298,"https://image.xiaozhustatic3.com/00,800,533/s,1,u52,3000,2000,2,65931861.jpg","https://image.xiaozhustatic1.com/21/23,0,26,4461,132,132,d9857a15.jpg",NA,茴xi
4,http://dl.xiaozhu.com/fangzi/114926464703.html,豪华精致四人阁楼。,辽宁省大连市金州区水木华庭三号楼。,200,"https://image.xiaozhustatic3.com/00,800,533/20,0,22,40707,1440,1080,b7f09b29.jpg","https://image.xiaozhustatic1.com/21/19,0,56,32393,132,132,81539ecf.jpg",NA,日租公寓1n
5,http://dl.xiaozhu.com/fangzi/41529907501.html,星海广场 地铁1号线 无敌海景《阁楼上的光》,辽宁省大连市沙河口区星海广场B3区,168,"https://image.xiaozhustatic3.com/00,800,533/51,0,52,554,1920,1281,9bc79329.jpg","https://image.xiaozhustatic1.com/21/8,0,65,6741,260,260,d017952f.jpg",Male,ying0726
6,http://dl.xiaozhu.com/fangzi/118305374201.html,203美式乡村海景近星海公园广场自然博物馆,辽宁省大连市沙河口区黑石礁明珠花园,248,"https://image.xiaozhustatic3.com/00,948,533/21,0,11,17179,3555,2000,712777df.jpg","https://image.xiaozhustatic1.com/21/21,0,26,1172,270,270,0d0e9de5.jpg",Female,欣海怡风
7,http://dl.xiaozhu.com/fangzi/24788015401.html,星海【山木居】地中海风情美宿 地铁口自助入住,辽宁省大连市沙河口区中山路,158,"https://image.xiaozhustatic3.com/00,800,533/12,0,76,17308,1920,1280,bdb0e878.jpg","https://image.xiaozhustatic1.com/21/12,0,29,13151,260,260,c780c406.jpg",Male,山木居民宿
8,http://dl.xiaozhu.com/fangzi/98125190103.html,「山海雅筑の挪威森林」森林主题~近五一广场,辽宁省大连市沙河口区黄河路410号,159,"https://image.xiaozhustatic3.com/00,800,533/51,0,10,65269,1920,1281,ae6d4f8f.jpg","https://image.xiaozhustatic1.com/21/s,5,Kog,329,329,2,666062df.jpg",Male,山海雅筑民宿
9,http://dl.xiaozhu.com/fangzi/129198558503.html,美宿「暮光」住在海边哦！长租优惠巨幕影院,辽宁省大连市沙河口区中山路星海大厦B座,258,"https://image.xiaozhustatic3.com/00,800,533/s,1,1TAY,2999,2000,2,f370b26b.jpg","https://image.xiaozhustatic1.com/21/51,0,14,579,260,260,074e37cb.jpg",Female,惜缘居
10,http://dl.xiaozhu.com/fangzi/125586418603.html,澜庭轩主题房,辽宁省大连市沙河口区凯德和平广场和平现代城C座,278,"https://image.xiaozhustatic3.com/00,800,533/s,1,tXQ,3000,2000,2,057a71f2.jpg","https://image.xiaozhustatic1.com/21/23,0,26,4461,132,132,d9857a15.jpg",NA,茴xi
11,http://dl.xiaozhu.com/fangzi/128490854901.html,胭脂扣原创房,辽宁省大连市沙河口区凯德和平广场和平现代城C座,298,"https://image.xiaozhustatic3.com/00,800,533/s,1,ueJ,3000,2000,2,3c066c2f.jpg","https://image.xiaozhustatic1.com/21/23,0,26,4461,132,132,d9857a15.jpg",NA,茴xi
12,http://dl.xiaozhu.com/fangzi/116616702403.html,B【山日·泊舍】开发区御龙湾宜住3人,辽宁省大连市开发区御龙湾,500,"https://image.xiaozhustatic3.com/00,800,533/21,0,12,6727,2666,2000,61284ca1.jpg","https://image.xiaozhustatic1.com/21/21,0,61,4180,132,132,0f3cf423.jpg",NA,人生如_屋
13,http://dl.xiaozhu.com/fangzi/128529253401.html,绿野仙踪街景原创房,辽宁省大连市沙河口区凯德和平广场和平现代城C座,298,"https://image.xiaozhustatic3.com/00,800,533/s,1,y86,3000,2000,2,e732e184.jpg","https://image.xiaozhustatic1.com/21/23,0,26,4461,132,132,d9857a15.jpg",NA,茴xi
14,http://dl.xiaozhu.com/fangzi/116618270103.html,E【山日·泊舍】开发区御龙湾宜住4人,辽宁省大连市开发区御龙湾,500,"https://image.xiaozhustatic3.com/00,800,533/21,0,57,6760,1440,1080,9a21869e.jpg","https://image.xiaozhustatic1.com/21/21,0,61,4180,132,132,0f3cf423.jpg",NA,人生如_屋
15,http://dl.xiaozhu.com/fangzi/128585300001.html,情迷地中海主题房,辽宁省大连市沙河口区凯德和平广场和平现代城C座,248,"https://image.xiaozhustatic3.com/00,800,533/s,1,BR0,2999,2000,2,8411833d.jpg","https://image.xiaozhustatic1.com/21/23,0,26,4461,132,132,d9857a15.jpg",NA,茴xi
16,http://dl.xiaozhu.com/fangzi/107303132203.html,hiSEA《静谧之旅》,辽宁省大连市沙河口区中山路425b,158,"https://image.xiaozhustatic3.com/00,800,533/20,0,50,5361,1920,1281,cd57bec1.jpg","https://image.xiaozhustatic1.com/21/13,0,35,29623,343,343,0387ea3d.jpg",Male,Mr张嘉良
17,http://dl.xiaozhu.com/fangzi/31756551003.html,佳境星海广场豪华海景民宿小清新复式loft,辽宁省大连市沙河口区星海广场b3区,258,"https://image.xiaozhustatic3.com/00,800,533/14,0,1,25910,1800,1200,5485d834.jpg","https://image.xiaozhustatic1.com/21/14,0,62,18250,329,329,0630ce69.jpg",Female,Olivia_qq
18,http://dl.xiaozhu.com/fangzi/116217363503.html,D【山日·泊舍】金石滩开发区御龙湾,辽宁省大连市开发区御龙湾,500,"https://image.xiaozhustatic3.com/00,800,533/21,0,31,4614,1440,1080,363175a1.jpg","https://image.xiaozhustatic1.com/21/21,0,61,4180,132,132,0f3cf423.jpg",NA,人生如_屋
19,http://dl.xiaozhu.com/fangzi/131389819403.html,鹿鸣湾 /星海广场/公园圣亚蹦极/超大落地窗,辽宁省大连市沙河口区星海公园595号,135,"https://image.xiaozhustatic3.com/00,950,533/s,1,8ZQ2,1336,750,2,171e7c6b.jpg","https://image.xiaozhustatic1.com/21/17,0,1,21122,329,329,6843df6d.jpg",Female,小猫huijia
20,http://dl.xiaozhu.com/fangzi/40281962401.html,【绿色物语】INS风loft 出门海景游乐场,辽宁省大连市甘井子区钻石湾小区G1,238,"https://image.xiaozhustatic3.com/00,800,533/17,0,18,16164,1920,1281,891f3b58.jpg","https://image.xiaozhustatic1.com/21/17,0,61,7323,260,260,98a0e1bc.jpg",Female,南瓜小姐姐
21,http://dl.xiaozhu.com/fangzi/32973078103.html,hiSEA《时光之旅》,辽宁省大连市沙河口区中山路425B号,158,"https://image.xiaozhustatic3.com/00,800,533/15,0,59,3020,1800,1201,e14b9494.jpg","https://image.xiaozhustatic1.com/21/13,0,35,29623,343,343,0387ea3d.jpg",Male,Mr张嘉良
22,http://dl.xiaozhu.com/fangzi/27968168603.html,星海【山木居】田园风情美宿 地铁口 自助入住,辽宁省大连市沙河口区中山路425B号德源筑座,158,"https://image.xiaozhustatic3.com/00,800,533/13,0,52,10292,1800,1200,ee81e3a8.jpg","https://image.xiaozhustatic1.com/21/12,0,29,13151,260,260,c780c406.jpg",Male,山木居民宿
23,http://dl.xiaozhu.com/fangzi/98789017803.html,佳境星海广场蓝色主题海景房,辽宁省大连市沙河口区星海广场b3区壹品星海小区14号楼,258,"https://image.xiaozhustatic3.com/00,800,533/51,0,8,83290,1800,1200,6a0013b3.jpg","https://image.xiaozhustatic1.com/21/14,0,62,18250,329,329,0630ce69.jpg",Female,Olivia_qq
24,http://dl.xiaozhu.com/fangzi/26060118301.html,星海广场地铁1号线-《阁楼上的光》之观海听涛,辽宁省大连市沙河口区星海广场B3区,168,"https://image.xiaozhustatic3.com/00,800,533/12,0,61,24140,1920,1280,5495c745.jpg","https://image.xiaozhustatic1.com/21/8,0,65,6741,260,260,d017952f.jpg",Male,ying0726
25,http://dl.xiaozhu.com/fangzi/98793251403.html,佳境星海广场粉色少女吊铺loft,辽宁省大连市沙河口区星海广场b3区壹品星海小区14号楼,239,"https://image.xiaozhustatic3.com/00,800,533/51,0,45,83711,1800,1200,11d0d935.jpg","https://image.xiaozhustatic1.com/21/14,0,62,18250,329,329,0630ce69.jpg",Female,Olivia_qq
26,http://dl.xiaozhu.com/fangzi/35624990203.html,柠檬民宿北欧鹿语大床房,辽宁省大连市金州区光明街道178号胜利路,119,"https://image.xiaozhustatic3.com/00,800,533/20,0,25,10477,3000,2000,bce54188.jpg","https://image.xiaozhustatic1.com/21/21,0,93,41013,329,329,baf41d66.jpg",Male,瑞柏柠檬精品民宿
27,http://dl.xiaozhu.com/fangzi/94455488401.html,西安路罗斯福日系双卧室民宿,辽宁省大连市沙河口区西安路139号罗斯福公寓B座,292,"https://image.xiaozhustatic3.com/00,800,533/19,0,55,44868,1920,1281,365b393f.jpg","https://image.xiaozhustatic1.com/21/11,0,38,11328,260,260,19f99fab.jpg",Female,燕嘟嘟
28,http://dl.xiaozhu.com/fangzi/94704651101.html,星海广场地铁1号线《滨城一宅》阳光充沛大床房,辽宁省大连市沙河口区星海广场B3区,168,"https://image.xiaozhustatic3.com/00,800,533/51,0,6,49125,1920,1281,03ea7ea8.jpg","https://image.xiaozhustatic1.com/21/8,0,65,6741,260,260,d017952f.jpg",Male,ying0726
29,http://dl.xiaozhu.com/fangzi/101822929903.html,大连宿间 近星海广场和平广场/动物园圣亚海洋,辽宁省大连市沙河口区中山路552号和平现代城D座,158,"https://image.xiaozhustatic3.com/00,800,533/51,0,90,115270,2996,2000,0a6d7fdd.jpg","https://image.xiaozhustatic1.com/21/11,0,10,12350,329,329,dc2a56e0.jpg",Female,大连宿间
30,http://dl.xiaozhu.com/fangzi/94372244403.html,美宿「旧梦」星海广场商圈/巨幕影院/近地铁站,辽宁省大连市沙河口区星海广场星海花园,258,"https://image.xiaozhustatic3.com/00,800,533/51,0,28,31479,2999,2000,6d12a0ed.jpg","https://image.xiaozhustatic1.com/21/51,0,14,579,260,260,074e37cb.jpg",Female,惜缘居
31,http://dl.xiaozhu.com/fangzi/37459445503.html,西安路繁华商圈loft复式清新雅居,辽宁省大连市沙河口区长兴街98号,198,"https://image.xiaozhustatic3.com/00,800,533/51,0,84,16807,1800,1200,70d5b215.jpg","https://image.xiaozhustatic1.com/21/10,0,33,10100,329,329,d7351853.jpg",Female,若水1398
32,http://dl.xiaozhu.com/fangzi/124998355703.html,辰熙星海国际二楼经济大床房整租,辽宁省大连市沙河口区中山路688号辰熙星海国际大厦2楼,78,"https://image.xiaozhustatic3.com/00,802,533/22,0,65,27956,3006,2000,f755d054.jpg","https://image.xiaozhustatic1.com/21/22,0,48,28458,132,132,b39562d0.jpg",Male,ihA_rc
33,http://dl.xiaozhu.com/fangzi/124999544601.html,辰熙星海国际二楼床位六人间月租,辽宁省大连市沙河口区中山路688号辰熙星海国际大厦2楼,37,"https://image.xiaozhustatic3.com/00,801,533/22,0,2,28272,3005,2000,650e70d6.jpg","https://image.xiaozhustatic1.com/21/22,0,48,28458,132,132,b39562d0.jpg",Male,ihA_rc
34,http://dl.xiaozhu.com/fangzi/127031104203.html,近火车站2号地铁线港汇中心豪华温馨大床房整租,辽宁省大连市中山区普照街50号 港汇中心民宿,139,"https://image.xiaozhustatic3.com/00,800,533/23,0,42,11090,2673,2000,78c5f8bd.jpg","https://image.xiaozhustatic1.com/21/23,0,51,10967,168,201,4cb7aa54.jpg",Female,tianxiao97
35,http://dl.xiaozhu.com/fangzi/125983296801.html,大连开发区木瓜民宿 欧式风格 湖景美宅,辽宁省大连市开发区万国宫馆三期15号楼1单元,139,"https://image.xiaozhustatic3.com/00,800,533/23,0,94,6261,2666,2000,3c07e1f9.jpg","https://image.xiaozhustatic1.com/21/51,0,38,51296,260,260,f33ca472.jpg",Male,木瓜民宿小二
36,http://dl.xiaozhu.com/fangzi/37797521801.html,「瘾居•初见年华」星海广场北欧风时尚海景复式,辽宁省大连市沙河口区星海广场B3区 壹品星海,268,"https://image.xiaozhustatic3.com/00,800,533/18,0,57,19245,1920,1281,ba2b8c84.jpg","https://image.xiaozhustatic1.com/21/51,0,50,21970,364,363,ba19e6d3.jpg",Female,不爱焦糖玛奇朵
37,http://dl.xiaozhu.com/fangzi/101765647001.html,星海广场地铁站 投影浴缸电动马桶 豪华大床房,辽宁省大连市沙河口区中山路584号 东方星海A座,188,"https://image.xiaozhustatic3.com/00,800,533/51,0,6,101402,2999,2000,95df8210.jpg","https://image.xiaozhustatic1.com/21/51,0,94,105688,364,363,fcf8f97d.jpg",Female,别看价钱看人均
38,http://dl.xiaozhu.com/fangzi/8687940063.html,富贵贰号宅－近地铁，3站至机场，5站至市中心,辽宁省大连市甘井子区红旗西路保利N＋公寓,198,"https://image.xiaozhustatic3.com/00,800,533/9,0,1,8587,1920,1280,c7e406cc.jpg","https://image.xiaozhustatic1.com/21/17,0,87,5934,260,260,18cdd89d.jpg",Female,赵富贵_花开
39,http://dl.xiaozhu.com/fangzi/125265432303.html,美宿「海之恋」海景哦星海公园星海广场附近,辽宁省大连市沙河口区宏都·筑景,228,"https://image.xiaozhustatic3.com/00,800,533/23,0,6,3373,2999,2000,75d3aca5.jpg","https://image.xiaozhustatic1.com/21/10,0,36,21838,268,268,35875c62.jpg",Male,美宿日记
40,http://dl.xiaozhu.com/fangzi/116962749503.html,（普罗旺斯的浪漫）海景超大投影/圣亚星海公园,辽宁省大连市沙河口区沙河口区中山路517号,115,"https://image.xiaozhustatic3.com/00,800,533/21,0,77,8387,2992,2000,0598d1c5.jpg","https://image.xiaozhustatic1.com/21/17,0,1,21122,329,329,6843df6d.jpg",Female,小猫huijia
41,http://dl.xiaozhu.com/fangzi/11181247559.html,星海广场-全配一室一厅5人海景家庭套房,辽宁省大连市沙河口区星海广场B3区壹品星海14栋,145,"https://image.xiaozhustatic3.com/00,800,533/10,0,33,7937,1800,1201,0718eb9f.jpg","https://image.xiaozhustatic1.com/21/9,0,47,14080,376,375,061b22fe.jpg",Female,乐影随行
42,http://dl.xiaozhu.com/fangzi/12568600.html,西安路商圈 复古可爱舒适情侣套间,辽宁省大连市沙河口区582号,138,"https://image.xiaozhustatic3.com/00,800,533/2,0,22,3613,1800,1200,51adfeb5.jpg","https://image.xiaozhustatic1.com/21/8,0,2,8567,260,260,ddd0cb44.jpg",Male,小猪用户1208****
43,http://dl.xiaozhu.com/fangzi/129412609703.html,星海会展地铁旁轰趴loft巨幕投影房4-8人,辽宁省大连市沙河口区星河二街星海凯泰铭座B座8楼,329,"https://image.xiaozhustatic3.com/00,853,533/s,1,6zJR,3200,2000,2,c03e6955.jpg","https://image.xiaozhustatic1.com/21/s,3,1Gyz,352,352,2,40526324.jpg",Male,duoqing911
44,http://dl.xiaozhu.com/fangzi/35534461503.html,佳境星海广场海景喷泉景观房,辽宁省大连市沙河口区星海广场b3区14号楼,228,"https://image.xiaozhustatic3.com/00,800,533/16,0,64,22010,1800,1200,0adfe38e.jpg","https://image.xiaozhustatic1.com/21/14,0,62,18250,329,329,0630ce69.jpg",Female,Olivia_qq
45,http://dl.xiaozhu.com/fangzi/31092462603.html,美宿「天马行空」近体育场/巨幕影院/近机场,辽宁省大连市甘井子区汇信街7号（远洋广场公寓楼）,198,"https://image.xiaozhustatic3.com/00,800,533/14,0,97,18070,2999,2000,22e4a185.jpg","https://image.xiaozhustatic1.com/21/10,0,36,21838,268,268,35875c62.jpg",Male,美宿日记
46,http://dl.xiaozhu.com/fangzi/94216721503.html,【遇见大连】市中心民主广场简约一室整租,辽宁省大连市中山区发达街18号港湾隽景c区,129,"https://image.xiaozhustatic3.com/00,800,533/51,0,26,44098,1800,1200,9cb88679.jpg","https://image.xiaozhustatic1.com/21/51,0,25,52916,329,329,9273f3da.jpg",Male,榴莲之家
47,http://dl.xiaozhu.com/fangzi/94796768603.html,美宿「黄昏」海景！星海/跨海大桥/星海公园,辽宁省大连市沙河口区壹品星海41号楼,268,"https://image.xiaozhustatic3.com/00,800,533/51,0,87,35910,2999,2000,4f58beab.jpg","https://image.xiaozhustatic1.com/21/51,0,14,579,260,260,074e37cb.jpg",Female,惜缘居
48,http://dl.xiaozhu.com/fangzi/28749881103.html,大连北站南出口，汽车学院，宜家风格，智能门锁,辽宁省大连市甘井子区泉水D2区玉泉街,169,"https://image.xiaozhustatic3.com/00,800,533/14,0,24,11019,1800,1201,83a86131.jpg","https://image.xiaozhustatic1.com/21/20,0,92,37470,260,260,9378e58e.jpg",Female,心中的角落
49,http://dl.xiaozhu.com/fangzi/4836848114.html,星海广场地铁1号线-《阁楼上的光》之邻海茗居,辽宁省大连市沙河口区星海广场B3区,138,"https://image.xiaozhustatic3.com/00,800,533/10,0,51,4010,1920,1281,c9b684a0.jpg","https://image.xiaozhustatic1.com/21/8,0,65,6741,260,260,d017952f.jpg",Male,ying0726
50,http://dl.xiaozhu.com/fangzi/10719885360.html,星海公园浴场、海洋世界对面超值两室一厅家庭房,辽宁省大连市沙河口区中山路519号,298,"https://image.xiaozhustatic3.com/00,800,533/10,0,54,4060,1920,1281,fb89b2e7.jpg","https://image.xiaozhustatic1.com/21/8,0,20,15168,160,160,afba48ea.jpg",Male,大连小徐
51,http://dl.xiaozhu.com/fangzi/130186472201.html,【木星之恋】—欧式轻奢风/开发区万达,辽宁省大连市开发区辽河西路万达广场,119,"https://image.xiaozhustatic3.com/00,800,533/s,1,6YHG,2666,2000,2,796d81ae.jpg","https://image.xiaozhustatic1.com/21/21,0,70,37694,414,415,066a921b.jpg",Female,木木_95
52,http://dl.xiaozhu.com/fangzi/121700274003.html,2号地铁口嘉和广场大床房！近火车站东港老虎滩,辽宁省大连市中山区明泽街82号嘉和广场,156,"https://image.xiaozhustatic3.com/00,800,533/23,0,78,12375,2666,2000,027aaa3a.jpg","https://image.xiaozhustatic1.com/21/22,0,36,3433,260,260,34efcfc2.jpg",Female,香蕉小蚊子
53,http://dl.xiaozhu.com/fangzi/123608317503.html,美宿「浪花」海景哦！繁华商圈！近星海广场,辽宁省大连市沙河口区辰熙星海国际大厦,228,"https://image.xiaozhustatic3.com/00,800,533/22,0,82,22335,2999,2000,89c42c58.jpg","https://image.xiaozhustatic1.com/21/10,0,36,21838,268,268,35875c62.jpg",Male,美宿日记
54,http://dl.xiaozhu.com/fangzi/128597983503.html,美宿「海蓝」巨幕影院/地铁商圈/步行星海,辽宁省大连市沙河口区和平现代城D座,188,"https://image.xiaozhustatic3.com/00,800,533/s,1,Ddy,2999,2000,2,1ebc01f7.jpg","https://image.xiaozhustatic1.com/21/10,0,36,21838,268,268,35875c62.jpg",Male,美宿日记
55,http://dl.xiaozhu.com/fangzi/27550820303.html,美宿「吉普赛女郎」封闭小区/紧邻/地铁北站,辽宁省大连市甘井子区亿合现代城,228,"https://image.xiaozhustatic3.com/00,800,533/13,0,32,12264,1920,1281,4f7b9079.jpg","https://image.xiaozhustatic1.com/21/10,0,36,21838,268,268,35875c62.jpg",Male,美宿日记
56,http://dl.xiaozhu.com/fangzi/104856205001.html,【和风物语】日式大床房 开发区左岸轻轨沿线,辽宁省大连市金州区开发区黄海西路赤峰街交叉口左岸经典小区1号楼,186,"https://image.xiaozhustatic3.com/00,800,533/20,0,67,25623,1800,1200,1a29617e.jpg","https://image.xiaozhustatic1.com/21/51,0,58,12315,375,376,c43b9374.jpg",Female,安琪香舍
57,http://dl.xiaozhu.com/fangzi/129161607201.html,大连开发区木瓜民宿 湖景美宅 温馨惬意自带酒,辽宁省大连市开发区万国宫馆三期15号楼1单元,169,"https://image.xiaozhustatic3.com/00,800,533/s,1,1RSa,2666,2000,2,151cec83.jpg","https://image.xiaozhustatic1.com/21/51,0,38,51296,260,260,f33ca472.jpg",Male,木瓜民宿小二
58,http://dl.xiaozhu.com/fangzi/25140662603.html,开发区红梅文园海景民宿近民院大床房整租,辽宁省大连市开发区松竹梅路文园海景,208,"https://image.xiaozhustatic3.com/00,800,533/12,0,12,26849,1920,1280,cc21d085.jpg","https://image.xiaozhustatic1.com/21/23,0,93,5038,260,260,6cb1b165.jpg",Female,Matio
59,http://dl.xiaozhu.com/fangzi/101595017003.html,美宿「海宿」海景哦！星海广场星海公园步行,辽宁省大连市沙河口区壹品星海13号楼,258,"https://image.xiaozhustatic3.com/00,800,533/51,0,27,105126,2999,2000,97070474.jpg","https://image.xiaozhustatic1.com/21/51,0,14,579,260,260,074e37cb.jpg",Female,惜缘居
60,http://dl.xiaozhu.com/fangzi/130754359603.html,美宿「金枝」长租优惠/西安路商圈/双地铁,辽宁省大连市沙河口区金色年华公馆,198,"https://image.xiaozhustatic3.com/00,800,533/s,1,7JGw,2999,2000,2,ed293f45.jpg","https://image.xiaozhustatic1.com/21/20,0,1,21348,414,415,8960edd1.jpg",NA,美宿海风
61,http://dl.xiaozhu.com/fangzi/24577409403.html,大连宿间 近星海广场和平商场 动物园圣亚城堡,辽宁省大连市沙河口区中山路552号和平现代城D座,158,"https://image.xiaozhustatic3.com/00,800,533/12,0,33,14245,1920,1280,b740c4a0.jpg","https://image.xiaozhustatic1.com/21/11,0,10,12350,329,329,dc2a56e0.jpg",Female,大连宿间
62,http://dl.xiaozhu.com/fangzi/121283952003.html,美宿「伊景」月租优惠劳动公园巨幕影院,辽宁省大连市中山区解放路伊景华园B座,158,"https://image.xiaozhustatic3.com/00,800,533/22,0,92,2157,2999,2000,f98ea78b.jpg","https://image.xiaozhustatic1.com/21/10,0,36,21838,268,268,35875c62.jpg",Male,美宿日记
63,http://dl.xiaozhu.com/fangzi/92429274103.html,佳境星海广场现代清新loft,辽宁省大连市沙河口区壹品星海小区14号楼,268,"https://image.xiaozhustatic3.com/00,800,533/51,0,8,24356,1800,1200,98640fe5.jpg","https://image.xiaozhustatic1.com/21/14,0,62,18250,329,329,0630ce69.jpg",Female,Olivia_qq
64,http://dl.xiaozhu.com/fangzi/101767017201.html,星海广场地铁站 观景喷泉 投影 家庭八人套房,辽宁省大连市沙河口区中山路584号 东方星海A座,188,"https://image.xiaozhustatic3.com/00,800,533/51,0,87,100278,2999,2000,d1ed6602.jpg","https://image.xiaozhustatic1.com/21/51,0,94,105688,364,363,fcf8f97d.jpg",Female,别看价钱看人均
65,http://dl.xiaozhu.com/fangzi/113203912901.html,威尼斯水城/音乐喷泉/100平米二室二厅二卫,辽宁省大连市中山区中山区港浦路51号维多利亚公馆A座,350,"https://image.xiaozhustatic3.com/00,800,533/21,0,98,33266,1862,1242,95cf8639.jpg","https://image.xiaozhustatic1.com/21/20,0,6,26593,364,363,bc165993.jpg",Female,牟洪梅
66,http://dl.xiaozhu.com/fangzi/129198810303.html,美宿「摩尔」长租优惠/万达商圈近星海广场,辽宁省大连市高新园区因特摩尔,248,"https://image.xiaozhustatic3.com/00,800,533/s,1,1TJs,2999,2000,2,83823e14.jpg","https://image.xiaozhustatic1.com/21/20,0,1,21348,414,415,8960edd1.jpg",NA,美宿海风
67,http://dl.xiaozhu.com/fangzi/129843661201.html,火烈鸟主题大床房,辽宁省大连市旅顺口区华发新城1号楼,189,"https://image.xiaozhustatic3.com/00,800,533/s,1,5XSE,2666,2000,2,d78902e8.jpg","https://image.xiaozhustatic1.com/21/s,3,1VrD,270,270,2,0c090f70.jpg",Male,U趣海景民宿
68,http://dl.xiaozhu.com/fangzi/93423044503.html,美宿「夜色」海景哦！巨幕影院/星海/跨海大桥,辽宁省大连市沙河口区壹品星海11号楼,268,"https://image.xiaozhustatic3.com/00,800,533/18,0,65,27752,2999,2000,e85fdff8.jpg","https://image.xiaozhustatic1.com/21/51,0,14,579,260,260,074e37cb.jpg",Female,惜缘居
69,http://dl.xiaozhu.com/fangzi/127990140703.html,星海广场 会展中心地铁口 轻奢美式浴缸套房,辽宁省大连市沙河口区星海凯泰铭座,308,"https://image.xiaozhustatic3.com/00,800,533/s,2,e8u,1800,1200,2,e2574347.jpg","https://image.xiaozhustatic1.com/21/23,0,80,5133,260,260,d17b9c73.jpg",Male,VKHouse网红民宿
70,http://dl.xiaozhu.com/fangzi/29702283803.html,美宿「春野」体育场/机场北站/华南商圈/地铁,辽宁省大连市甘井子区亿合现代城A5号楼,228,"https://image.xiaozhustatic3.com/00,800,533/14,0,14,67,1800,1200,cd35cc9f.jpg","https://image.xiaozhustatic1.com/21/10,0,36,21838,268,268,35875c62.jpg",Male,美宿日记
71,http://dl.xiaozhu.com/fangzi/121293459403.html,美宿「留白」和平商圈/地铁商圈/步行星海,辽宁省大连市沙河口区和平现代城D座,188,"https://image.xiaozhustatic3.com/00,800,533/22,0,92,2146,2999,2000,a89d4289.jpg","https://image.xiaozhustatic1.com/21/10,0,36,21838,268,268,35875c62.jpg",Male,美宿日记
72,http://dl.xiaozhu.com/fangzi/104901084803.html,富贵伍号宅–缝纫机女孩，近地铁口，三站至机场,辽宁省大连市甘井子区红旗西路保利N＋公寓,198,"https://image.xiaozhustatic3.com/00,800,533/19,0,15,9454,2999,2000,f64a34a2.jpg","https://image.xiaozhustatic1.com/21/17,0,87,5934,260,260,18cdd89d.jpg",Female,赵富贵_花开
73,http://dl.xiaozhu.com/fangzi/31874634703.html,星海广场地铁站 星海泳场 工业风高层大床房,辽宁省大连市沙河口区中山路584号东方星海B座,388,"https://image.xiaozhustatic3.com/00,800,533/14,0,52,26542,1800,1201,a3885919.jpg","https://image.xiaozhustatic1.com/21/14,0,20,19335,217,217,ce02b54c.jpg",Female,Sophieyw
74,http://dl.xiaozhu.com/fangzi/127991694303.html,星海广场 会展中心地铁口 海景家庭套房,辽宁省大连市沙河口区星海凯泰铭座,228,"https://image.xiaozhustatic3.com/00,800,533/s,2,eg8,1800,1200,2,f5fa061d.jpg","https://image.xiaozhustatic1.com/21/23,0,80,5133,260,260,d17b9c73.jpg",Male,VKHouse网红民宿
75,http://dl.xiaozhu.com/fangzi/110862599301.html,大连·西岗·新开路万达民宿一室一厅禅意房整租,辽宁省大连市西岗区西岗区新开路万达公寓,198,"https://image.xiaozhustatic3.com/00,800,533/20,0,95,12744,2666,2000,b5c7998e.jpg","https://image.xiaozhustatic1.com/21/20,0,55,12013,260,260,9b553649.jpg",Male,渡仁
76,http://dl.xiaozhu.com/fangzi/104930084801.html,大连 星海广场 近地铁  近星海公园复试海景,辽宁省大连市沙河口区壹品星海,268,"https://image.xiaozhustatic3.com/00,800,533/19,0,46,2052,2999,2000,3ab7fa48.jpg","https://image.xiaozhustatic1.com/21/14,0,77,10067,260,260,47abc72a.jpg",Female,爱诺诺168
77,http://dl.xiaozhu.com/fangzi/130185472601.html,【木星之恋】—森林风大床房/开发区万达,辽宁省大连市开发区辽河西路万达广场,89,"https://image.xiaozhustatic3.com/00,800,533/s,1,6YBw,2666,2000,2,ed244df3.jpg","https://image.xiaozhustatic1.com/21/21,0,70,37694,414,415,066a921b.jpg",Female,木木_95
78,http://dl.xiaozhu.com/fangzi/102026743503.html,【人生如屋】Mana@琳市中心两室宜住6人,辽宁省大连市中山区普照街50号港汇中心,178,"https://image.xiaozhustatic3.com/00,801,533/23,0,84,13060,3004,2000,dc8ac888.jpg","https://image.xiaozhustatic1.com/21/51,0,81,77639,260,260,ef482e31.jpg",Female,山日文旅
79,http://dl.xiaozhu.com/fangzi/2630795463.html,高新园区近地铁万达广场远方的家经济民宿,辽宁省大连市高新园区新科花园,300,"https://image.xiaozhustatic3.com/00,800,533/9,0,11,11084,1920,1280,2ede89db.jpg","https://image.xiaozhustatic1.com/21/5,0,94,1232,327,327,884df5f2.jpg",Male,大话猪猪之猪不愁
80,http://dl.xiaozhu.com/fangzi/117332544803.html,美宿「明媚」巨幕影院/双商圈/近星海广场,辽宁省大连市西岗区黄河路325号万达华府(2期C区)36号楼(万达华府二期),188,"https://image.xiaozhustatic3.com/00,800,533/21,0,34,10080,2999,2000,e96ecac8.jpg","https://image.xiaozhustatic1.com/21/10,0,36,21838,268,268,35875c62.jpg",Male,美宿日记
81,http://dl.xiaozhu.com/fangzi/28347077003.html,大连中心~地铁站、商圈附近的双大床家庭房,辽宁省大连市中山区长江路315,198,"https://image.xiaozhustatic3.com/00,800,533/13,0,63,15462,1920,1280,78151446.jpg","https://image.xiaozhustatic1.com/21/13,0,26,13681,260,260,5e69be93.jpg",Female,dalianxiaoxu
82,http://dl.xiaozhu.com/fangzi/115955736803.html,美宿「云端」海景哦！可看星海广场/跨海大桥,辽宁省大连市沙河口区凯泰铭座A,198,"https://image.xiaozhustatic3.com/00,800,533/21,0,75,3184,2999,2000,956ec905.jpg","https://image.xiaozhustatic1.com/21/10,0,36,21838,268,268,35875c62.jpg",Male,美宿日记
83,http://dl.xiaozhu.com/fangzi/95195810103.html,北欧清新ins风/近火车站/青泥洼HOME8,辽宁省大连市西岗区长江路570号金宸国际大厦,138,"https://image.xiaozhustatic3.com/00,800,533/51,0,37,48041,1800,1200,6ee66548.jpg","https://image.xiaozhustatic1.com/21/10,0,26,10340,329,329,7485bb84.jpg",Male,Andy_Qu
84,http://dl.xiaozhu.com/fangzi/32511691301.html,星海广场 富国街地铁口 可做饭日式4人榻榻米,辽宁省大连市沙河口区和平广场,128,"https://image.xiaozhustatic3.com/00,800,533/16,0,47,15369,1800,1200,5bf2ebb7.jpg","https://image.xiaozhustatic1.com/21/s,5,6BdL,260,260,2,f77edcd7.jpg",Male,Q先生网红民宿
85,http://dl.xiaozhu.com/fangzi/127312847503.html,星海广场 会展中心地铁口 亲子套房（滑梯）,辽宁省大连市沙河口区星海凯泰铭座,308,"https://image.xiaozhustatic3.com/00,800,533/s,2,6Fx3,1800,1200,2,f1cf622f.jpg","https://image.xiaozhustatic1.com/21/23,0,80,5133,260,260,d17b9c73.jpg",Male,VKHouse网红民宿
86,http://dl.xiaozhu.com/fangzi/103036671103.html,老虎滩/星海/森林动物园/金沙滩/海边小木屋,辽宁省大连市西岗区付家庄滨海中路,168,"https://image.xiaozhustatic3.com/00,800,533/22,0,24,3237,2673,2000,6b0f2f02.jpg","https://image.xiaozhustatic1.com/21/51,0,16,112453,260,260,2bacfb07.jpg",Female,快乐爱家
87,http://dl.xiaozhu.com/fangzi/108761273401.html,【左岸经典】【泊石湾】金沙精选大床房,辽宁省大连市开发区左岸经典小区3号楼,158,"https://image.xiaozhustatic3.com/00,800,533/19,0,93,47428,1600,1067,c8691536.jpg","https://image.xiaozhustatic1.com/21/20,0,55,13166,363,363,c33794cb.jpg",Female,仙人掌会开花68
88,http://dl.xiaozhu.com/fangzi/106097466501.html,东港后现代简欧一室民宿,辽宁省大连市中山区鲁迅路17号嘉和广场,158,"https://image.xiaozhustatic3.com/00,800,533/19,0,8,23255,2999,2000,19bd7d3e.jpg","https://image.xiaozhustatic1.com/21/19,0,88,21636,260,260,13b7008b.jpg",Female,沫沫的mm小屋
89,http://dl.xiaozhu.com/fangzi/117806157103.html,华南地铁C口，远洋公寓楼   温馨大床房整租,辽宁省大连市甘井子区汇信街7号  远洋广场7号公寓楼,138,"https://image.xiaozhustatic3.com/00,800,533/s,1,7U2t,1440,1080,2,208c93c1.jpg","https://image.xiaozhustatic1.com/21/s,5,7T54,260,260,2,25d92129.jpg",Male,斯维登公寓式酒店
90,http://dl.xiaozhu.com/fangzi/29242982903.html,富贵叁号宅-星海里的旧时光（楼下即地铁口）,辽宁省大连市沙河口区中山路584号,268,"https://image.xiaozhustatic3.com/00,800,533/14,0,39,13685,1800,1201,7767650c.jpg","https://image.xiaozhustatic1.com/21/17,0,87,5934,260,260,18cdd89d.jpg",Female,赵富贵_花开
91,http://dl.xiaozhu.com/fangzi/43122120303.html,星海广场拥地铁，和平商圈56平大床房，可自助,辽宁省大连市沙河口区中山路522号和平现代城D座,145,"https://image.xiaozhustatic3.com/00,800,533/20,0,71,17909,1920,1281,127beb19.jpg","https://image.xiaozhustatic1.com/21/10,0,36,19977,270,270,8c7146f0.jpg",Female,小小的王
92,http://dl.xiaozhu.com/fangzi/34937716603.html,柠檬民宿海景豪华大床房（软皮床乳胶垫）,辽宁省大连市金州区光明街道178号胜利路,139,"https://image.xiaozhustatic3.com/00,800,533/20,0,47,10529,3000,2000,f9ffffaf.jpg","https://image.xiaozhustatic1.com/21/21,0,93,41013,329,329,baf41d66.jpg",Male,瑞柏柠檬精品民宿
93,http://dl.xiaozhu.com/fangzi/102089399703.html,美宿「山海」近山近海 至老虎滩起步价,辽宁省大连市中山区绿城桃源里,248,"https://image.xiaozhustatic3.com/00,800,533/51,0,55,109828,2999,2000,47ce810b.jpg","https://image.xiaozhustatic1.com/21/51,0,14,579,260,260,074e37cb.jpg",Female,惜缘居
94,http://dl.xiaozhu.com/fangzi/96244671001.html,星海·西安路地铁·罗斯福温馨一居（可月租）,辽宁省大连市沙河口区兴工街罗斯福大厦,149,"https://image.xiaozhustatic3.com/00,800,533/51,0,0,44924,1440,1080,25e812d7.jpg","https://image.xiaozhustatic1.com/21/20,0,87,22153,260,260,005baaf0.jpg",Female,暖暖居
95,http://dl.xiaozhu.com/fangzi/98838094803.html,米家--【机场春田LOFT复式智能民宿】,辽宁省大连市甘井子区亿达春田禧跃广场31号楼,298,"https://image.xiaozhustatic3.com/00,800,533/51,0,7,68080,2673,2000,c7b258bc.jpg","https://image.xiaozhustatic1.com/21/51,0,96,67099,260,260,950b7e29.jpg",Male,李正加油
96,http://dl.xiaozhu.com/fangzi/12562000.html,西安路商圈 简洁舒适4人民宿,辽宁省大连市沙河口区黄河路582号,158,"https://image.xiaozhustatic3.com/00,800,533/11,0,77,4152,1920,1280,b642d0f9.jpg","https://image.xiaozhustatic1.com/21/8,0,2,8567,260,260,ddd0cb44.jpg",Male,小猪用户1208****
97,http://dl.xiaozhu.com/fangzi/109496744703.html,（舒舍）星海公园圣亚海洋世界星海广场星海浴场,辽宁省大连市沙河口区海湾街,258,"https://image.xiaozhustatic3.com/00,800,533/23,0,35,969,1984,1488,ac0b2d12.jpg","https://image.xiaozhustatic1.com/21/20,0,24,687,260,260,109c3365.jpg",Female,夏日温柔
98,http://dl.xiaozhu.com/fangzi/36502642203.html,柠檬民宿温馨浪漫双床房（适合家庭）,辽宁省大连市金州区光明街道胜利路178号瑞柏中心酒店式公寓,159,"https://image.xiaozhustatic3.com/00,800,533/20,0,34,10566,3000,2000,4e4b20e7.jpg","https://image.xiaozhustatic1.com/21/21,0,93,41013,329,329,baf41d66.jpg",Male,瑞柏柠檬精品民宿
99,http://dl.xiaozhu.com/fangzi/101477510403.html,美宿「海语」可以住在海边哦！星海公园附近,辽宁省大连市沙河口区西春街8号,298,"https://image.xiaozhustatic3.com/00,800,533/51,0,12,104854,2999,2000,f0eee63b.jpg","https://image.xiaozhustatic1.com/21/51,0,14,579,260,260,074e37cb.jpg",Female,惜缘居
100,http://dl.xiaozhu.com/fangzi/125943791503.html,星海广场 会展中心地铁口 轻奢loft大床,辽宁省大连市沙河口区星海凯泰铭座,188,"https://image.xiaozhustatic3.com/00,800,533/23,0,2,8918,1800,1200,7c690b50.jpg","https://image.xiaozhustatic1.com/21/23,0,80,5133,260,260,d17b9c73.jpg",Male,VKHouse网红民宿
101,http://dl.xiaozhu.com/fangzi/127316615803.html,星海广场 会展中心地铁 海景商务套房带麻将机,辽宁省大连市沙河口区星海凯泰铭座,308,"https://image.xiaozhustatic3.com/00,800,533/s,2,e1o,1792,1200,2,0c7f780b.jpg","https://image.xiaozhustatic1.com/21/23,0,80,5133,260,260,d17b9c73.jpg",Male,VKHouse网红民宿
102,http://dl.xiaozhu.com/fangzi/126919694103.html,星海广场 会展中心地铁口 摩洛哥ins6人间,辽宁省大连市沙河口区星海凯泰铭座,328,"https://image.xiaozhustatic3.com/00,800,533/23,0,85,11038,1800,1200,be4f4317.jpg","https://image.xiaozhustatic1.com/21/23,0,80,5133,260,260,d17b9c73.jpg",Male,VKHouse网红民宿
103,http://dl.xiaozhu.com/fangzi/114449187703.html,【静安】ins粉色泡泡少女主题开发区商圈,辽宁省大连市开发区松竹梅路19号文园海景,175,"https://image.xiaozhustatic3.com/00,800,533/22,0,10,17754,1000,750,71befe6c.jpg","https://image.xiaozhustatic1.com/21/20,0,68,24496,260,260,b5677e95.jpg",Female,熊饱饱
104,http://dl.xiaozhu.com/fangzi/128947563903.html,金石滩/发现王国/莫兰迪风~两居花园洋房,辽宁省大连市金州区鲁能泰山七号二期,199,"https://image.xiaozhustatic3.com/00,800,533/s,1,1fj3,2999,2000,2,43b9ef8b.jpg","https://image.xiaozhustatic1.com/21/21,0,49,9313,260,260,dbbee1b3.jpg",Female,乐搜精品民宿公寓
105,http://dl.xiaozhu.com/fangzi/119294571703.html,柠檬民宿田园风情大床房,辽宁省大连市金州区光明街道胜利路178瑞柏中心1号公寓,119,"https://image.xiaozhustatic3.com/00,800,533/21,0,68,25372,1678,1124,f565319b.jpg","https://image.xiaozhustatic1.com/21/21,0,93,41013,329,329,baf41d66.jpg",Male,瑞柏柠檬精品民宿
106,http://dl.xiaozhu.com/fangzi/35926793601.html,星海公园loft近地铁1号线榻榻米➕大床整租,辽宁省大连市沙河口区星海大厦,128,"https://image.xiaozhustatic3.com/00,800,533/18,0,17,18656,1800,1200,e166dfad.jpg","https://image.xiaozhustatic1.com/21/14,0,89,9815,363,363,ac4323e3.jpg",Female,筱筱的家
107,http://dl.xiaozhu.com/fangzi/130827346901.html,北站华南广场地铁旁浪漫情侣大床房,辽宁省大连市甘井子区汇信街7号  远洋广场7号公寓楼,138,"https://image.xiaozhustatic3.com/00,800,533/s,1,7TXs,1440,1080,2,57cba771.jpg","https://image.xiaozhustatic1.com/21/s,5,7T54,260,260,2,25d92129.jpg",Male,斯维登公寓式酒店
108,http://dl.xiaozhu.com/fangzi/96373867703.html,万国宫馆三期木瓜民宿湖景美宅 伴山伴海,辽宁省大连市金州区黄海西路10号,139,"https://image.xiaozhustatic3.com/00,948,533/22,0,45,16356,1920,1080,6501b77c.jpg","https://image.xiaozhustatic1.com/21/51,0,38,51296,260,260,f33ca472.jpg",Male,木瓜民宿小二
109,http://dl.xiaozhu.com/fangzi/117216305203.html,子野优品民宿 田园,辽宁省大连市西岗区菜市街振富公寓,198,"https://image.xiaozhustatic3.com/00,800,533/23,0,79,8176,2666,2000,d0ea8d59.jpg","https://image.xiaozhustatic1.com/21/20,0,6,25244,260,260,a5998e1b.jpg",Male,斯文某某
110,http://dl.xiaozhu.com/fangzi/30675456403.html,【四时歌语之LOMO的胶片世界】奥林广场商圈,辽宁省大连市西岗区黄河路410号万达华府A区,199,"https://image.xiaozhustatic3.com/00,800,533/14,0,38,13561,1920,1281,c75e35cf.jpg","https://image.xiaozhustatic1.com/21/15,0,94,19720,375,376,f40b6ed2.jpg",Female,EveningDress
111,http://dl.xiaozhu.com/fangzi/108709884303.html,【左岸经典】豪华欧式大床房,辽宁省大连市开发区左岸经典小区3号楼,105,"https://image.xiaozhustatic3.com/00,800,533/19,0,15,47295,1600,1067,30c51856.jpg","https://image.xiaozhustatic1.com/21/20,0,55,13166,363,363,c33794cb.jpg",Female,仙人掌会开花68
112,http://dl.xiaozhu.com/fangzi/130124767703.html,中山区民主广场商圈观海大床和浪漫街景房整租。,辽宁省大连市中山区民主广场港湾隽景C1号楼,148,"https://image.xiaozhustatic3.com/00,800,533/s,1,7EsH,1440,1080,2,4488b1f7.jpg","https://image.xiaozhustatic1.com/21/s,5,6QG4,260,260,2,849c2d90.jpg",NA,考拉小筑
113,http://dl.xiaozhu.com/fangzi/108764067901.html,【左岸经典】欧式休闲大床房,辽宁省大连市开发区左岸经典小区3号楼,108,"https://image.xiaozhustatic3.com/00,800,533/19,0,86,46886,1656,1242,955bcac3.jpg","https://image.xiaozhustatic1.com/21/20,0,55,13166,363,363,c33794cb.jpg",Female,仙人掌会开花68
114,http://dl.xiaozhu.com/fangzi/112608923503.html,老虎滩星海民主广场海景/威尼斯/俄罗斯风情街,辽宁省大连市中山区发达街2号港湾隽景,168,"https://image.xiaozhustatic3.com/00,800,533/20,0,72,26237,2666,2000,e12bef40.jpg","https://image.xiaozhustatic1.com/21/51,0,16,112453,260,260,2bacfb07.jpg",Female,快乐爱家
115,http://dl.xiaozhu.com/fangzi/101076562603.html,美宿「芳菲」长租优惠/巨幕影院  浪漫之都,辽宁省大连市西岗区汇智云顶A座,198,"https://image.xiaozhustatic3.com/00,800,533/51,0,22,92158,2999,2000,e1fd7d6b.jpg","https://image.xiaozhustatic1.com/21/51,0,14,579,260,260,074e37cb.jpg",Female,惜缘居
116,http://dl.xiaozhu.com/fangzi/118507400703.html,【人生如屋】外滩7号宜4人海景市中心近火车站,辽宁省大连市西岗区外滩七号,178,"https://image.xiaozhustatic3.com/00,800,533/21,0,67,18318,2666,2000,43ca661c.jpg","https://image.xiaozhustatic1.com/21/51,0,81,77639,260,260,ef482e31.jpg",Female,山日文旅
117,http://dl.xiaozhu.com/fangzi/118967675503.html,大连大学附近有家民宿巨幕投影温馨情侣公寓15,辽宁省大连市金州区学府大街远洋时代城45号摩宿公寓,149,"https://image.xiaozhustatic3.com/00,800,533/21,0,96,21955,2666,2000,7beec7db.jpg","https://image.xiaozhustatic1.com/21/21,0,88,32684,260,260,c4d2935c.jpg",Male,有家民宿66
118,http://dl.xiaozhu.com/fangzi/11477549660.html,【四时歌语822室】青泥洼商圈的跃层公寓整租,辽宁省大连市中山区华昌街63-3号悦泰诚里,218,"https://image.xiaozhustatic3.com/00,803,533/10,0,16,4917,1920,1276,608c05b3.jpg","https://image.xiaozhustatic1.com/21/10,0,33,14335,235,235,d967ad13.jpg",Female,1437hy
119,http://dl.xiaozhu.com/fangzi/28800644901.html,【馨雅驿栈】之初见生如夏花：市内中心地段,辽宁省大连市西岗区大同街123#万达华府二期36号楼,179,"https://image.xiaozhustatic3.com/00,800,533/14,0,53,16365,1800,1201,f45b7d9f.jpg","https://image.xiaozhustatic1.com/21/12,0,9,22261,329,329,15a6c952.jpg",Female,馨雅驿栈大掌柜
120,http://dl.xiaozhu.com/fangzi/101853138901.html,星海广场地铁站 近景区 一室一厅四人双床房,辽宁省大连市沙河口区中山路584号 东方星海A座,148,"https://image.xiaozhustatic3.com/00,801,533/51,0,75,101186,1280,852,7566c0b7.jpg","https://image.xiaozhustatic1.com/21/51,0,94,105688,364,363,fcf8f97d.jpg",Female,别看价钱看人均
121,http://dl.xiaozhu.com/fangzi/31873342803.html,金石滩德嘉与海温馨民宿曰租,辽宁省大连市金州区金石滩德嘉与海,298,"https://image.xiaozhustatic3.com/00,800,533/51,0,39,100192,1440,1080,27307c70.jpg","https://image.xiaozhustatic1.com/21/23,0,85,2211,260,260,a4073829.jpg",Female,香水百合pq
122,http://dl.xiaozhu.com/fangzi/96374498301.html,万国宫馆 木瓜民宿 中庭景观大房 亲海不近海,辽宁省大连市开发区黄海西路10号万国宫馆三期,139,"https://image.xiaozhustatic3.com/00,800,533/51,0,45,57132,1620,1080,b3aec069.jpg","https://image.xiaozhustatic1.com/21/51,0,38,51296,260,260,f33ca472.jpg",Male,木瓜民宿小二
123,http://dl.xiaozhu.com/fangzi/94412316003.html,CBD中心地铁口浪漫美式一室一厅三人免费依云,辽宁省大连市中山区嘉盈商务公寓,299,"https://image.xiaozhustatic3.com/00,800,533/51,0,16,36775,1800,1200,125e3729.jpg","https://image.xiaozhustatic1.com/21/22,0,90,6043,260,260,02a376ff.jpg",Female,是小胖呀11
124,http://dl.xiaozhu.com/fangzi/96352968601.html,【优家-浪漫】步行机场十分钟/地铁口/可停车,辽宁省大连市甘井子区贤林园鑫境界6栋,148,"https://image.xiaozhustatic3.com/00,800,533/51,0,95,51930,2000,1500,b2fa8ae2.jpg","https://image.xiaozhustatic1.com/21/15,0,77,16304,270,270,7d3136fb.jpg",Female,优佳美宿
125,http://dl.xiaozhu.com/fangzi/101186080303.html,美宿「寓见」奥林匹克广场/商圈/长租优惠,辽宁省大连市西岗区汇利家园A座,228,"https://image.xiaozhustatic3.com/00,800,533/51,0,57,100238,2999,2000,c3b11559.jpg","https://image.xiaozhustatic1.com/21/51,0,14,579,260,260,074e37cb.jpg",Female,惜缘居
126,http://dl.xiaozhu.com/fangzi/123258258303.html,金石滩【扬帆】大露台套房/民族大学/发现王国,辽宁省大连市金州区金石明珠,310,"https://image.xiaozhustatic3.com/00,800,533/22,0,91,19327,2666,2000,0f8b5307.jpg","https://image.xiaozhustatic1.com/21/22,0,53,17423,260,260,67eb84de.jpg",Female,沐浴露qa
127,http://dl.xiaozhu.com/fangzi/103228255601.html,星海广场地铁站 观景音乐喷泉 豪华双大床房,辽宁省大连市沙河口区中山路584号 东方星海A座,148,"https://image.xiaozhustatic3.com/00,800,533/51,0,87,112734,2999,2000,38e0bf0d.jpg","https://image.xiaozhustatic1.com/21/51,0,94,105688,364,363,fcf8f97d.jpg",Female,别看价钱看人均
128,http://dl.xiaozhu.com/fangzi/125942677803.html,星海广场 会展中心地铁口 美式轻奢大床房,辽宁省大连市沙河口区星海凯泰铭座,328,"https://image.xiaozhustatic3.com/00,800,533/23,0,50,10893,1800,1200,0c0d5e5c.jpg","https://image.xiaozhustatic1.com/21/23,0,80,5133,260,260,d17b9c73.jpg",Male,VKHouse网红民宿
129,http://dl.xiaozhu.com/fangzi/101854402401.html,星海广场地铁站 两室一厅高层豪华六人间,辽宁省大连市沙河口区中山路584号 东方星海A座,168,"https://image.xiaozhustatic3.com/00,800,533/51,0,7,101574,1620,1080,8184bab8.jpg","https://image.xiaozhustatic1.com/21/51,0,94,105688,364,363,fcf8f97d.jpg",Female,别看价钱看人均
130,http://dl.xiaozhu.com/fangzi/125414041003.html,美宿「香橙」近星海广场星海公园可步行海边,辽宁省大连市沙河口区颐和星海C1,128,"https://image.xiaozhustatic3.com/00,800,533/23,0,19,3283,2999,2000,4498f687.jpg","https://image.xiaozhustatic1.com/21/10,0,36,21838,268,268,35875c62.jpg",Male,美宿日记
131,http://dl.xiaozhu.com/fangzi/110022075803.html,子野优品民宿 暗调,辽宁省大连市西岗区菜市街振富公寓,198,"https://image.xiaozhustatic3.com/00,1066,533/21,0,53,9360,4000,2000,0ee48f2c.jpg","https://image.xiaozhustatic1.com/21/20,0,6,25244,260,260,a5998e1b.jpg",Male,斯文某某
132,http://dl.xiaozhu.com/fangzi/103229331601.html,星海广场地铁站 可在家看喷泉 家庭六人房,辽宁省大连市沙河口区中山路584号 东方星海A座,168,"https://image.xiaozhustatic3.com/00,800,533/51,0,72,113667,2999,2000,dfa2f931.jpg","https://image.xiaozhustatic1.com/21/51,0,94,105688,364,363,fcf8f97d.jpg",Female,别看价钱看人均
133,http://dl.xiaozhu.com/fangzi/13755687102.html,大连北站简约时尚风情屋,辽宁省大连市甘井子区泉水D3区,209,"https://image.xiaozhustatic3.com/00,800,533/12,0,52,18127,1920,1280,eca936f9.jpg","https://image.xiaozhustatic1.com/21/12,0,7,10953,260,260,66727e3e.jpg",Female,偶然之家
134,http://dl.xiaozhu.com/fangzi/126467314003.html,星海广场 会展中心地铁 现代轻奢豪华套房,辽宁省大连市沙河口区星海凯泰铭座,268,"https://image.xiaozhustatic3.com/00,800,533/23,0,81,10753,1800,1200,72c64f18.jpg","https://image.xiaozhustatic1.com/21/23,0,80,5133,260,260,d17b9c73.jpg",Male,VKHouse网红民宿
135,http://dl.xiaozhu.com/fangzi/131080061203.html,新天地华府日租民宿,辽宁省大连市庄河市新天地华府,118,"https://image.xiaozhustatic3.com/00,800,533/s,1,8H95,2666,2000,2,eba30e1d.jpg","https://image.xiaozhustatic1.com/21/s,5,8EZo,260,260,2,7e8a4969.jpg",Female,惜缘日租公寓
136,http://dl.xiaozhu.com/fangzi/106091033101.html,东港蓝调简欧一室民宿,辽宁省大连市中山区鲁迅路17号嘉和广场,158,"https://image.xiaozhustatic3.com/00,800,533/19,0,99,23028,2999,2000,df8121b3.jpg","https://image.xiaozhustatic1.com/21/19,0,88,21636,260,260,13b7008b.jpg",Female,沫沫的mm小屋
137,http://dl.xiaozhu.com/fangzi/103418926403.html,大连北站附近鹏辉新天居71号楼新房整租,辽宁省大连市甘井子区鹏辉新天居北区71号楼,178,"https://image.xiaozhustatic3.com/00,800,533/s,1,7f83,2666,2000,2,906f8482.jpg","https://image.xiaozhustatic1.com/21/51,0,67,114665,260,260,2f3ebb0c.jpg",Female,芊朵漫时光
138,http://dl.xiaozhu.com/fangzi/129844453301.html,欧陆风情北欧豪华投影大床房,辽宁省大连市旅顺口区华发新城1号楼,189,"https://image.xiaozhustatic3.com/00,800,533/s,1,5XXs,1440,1080,2,5b560070.jpg","https://image.xiaozhustatic1.com/21/s,3,1VrD,270,270,2,0c090f70.jpg",Male,U趣海景民宿
139,http://dl.xiaozhu.com/fangzi/101357349703.html,北站附近阳光情侣大床整租,辽宁省大连市甘井子区泉水p2区12号楼,108,"https://image.xiaozhustatic3.com/00,800,533/19,0,27,44717,2666,2000,c7c377e4.jpg","https://image.xiaozhustatic1.com/21/51,0,23,94873,260,260,91dcc519.jpg",Male,孙吉浒
140,http://dl.xiaozhu.com/fangzi/31335204803.html,中山广场，三八广场附近，繁华路段，景色优美,辽宁省大连市中山区民泽街82号,158,"https://image.xiaozhustatic3.com/00,800,533/14,0,97,10798,2673,2000,68dff85e.jpg","https://image.xiaozhustatic1.com/21/14,0,78,10708,260,260,7ba2a621.jpg",Female,未象宁素
141,http://dl.xiaozhu.com/fangzi/2303962826.html,星海近景 梦之蓝 国际舒适温馨家庭房,辽宁省大连市沙河口区中山路,128,"https://image.xiaozhustatic3.com/00,800,533/20,0,47,33634,1800,1200,0ed19772.jpg","https://image.xiaozhustatic1.com/21/7,0,5,13969,260,260,40840053.jpg",Male,蓝海之梦
142,http://dl.xiaozhu.com/fangzi/125751607703.html,星海广场 会展中心地铁口 海景闺蜜6人间套房,辽宁省大连市沙河口区星海凯泰铭座,328,"https://image.xiaozhustatic3.com/00,800,533/23,0,48,10976,1800,1200,4c6ab254.jpg","https://image.xiaozhustatic1.com/21/23,0,80,5133,260,260,d17b9c73.jpg",Male,VKHouse网红民宿
143,http://dl.xiaozhu.com/fangzi/29648167103.html,大连东港Sweet Home ·近地铁、海边,辽宁省大连市中山区长江路与职工街交叉北侧中信海港城,208,"https://image.xiaozhustatic3.com/00,800,533/13,0,59,28772,2666,2000,a0eab825.jpg","https://image.xiaozhustatic1.com/21/13,0,79,29943,363,363,4a036690.jpg",Female,雾缘SweetHome
144,http://dl.xiaozhu.com/fangzi/38038766103.html,钻石湾民宿～200米滨海公园～下楼商街美食街,辽宁省大连市甘井子区钻石湾未来里邦舍,138,"https://image.xiaozhustatic3.com/00,800,533/17,0,47,23048,1619,1080,11292998.jpg","https://image.xiaozhustatic1.com/21/19,0,19,38824,260,260,03435c8e.jpg",Male,yultic
145,http://dl.xiaozhu.com/fangzi/118891475903.html,大连大学附近有家民宿巨幕投影温馨情侣民宿35,辽宁省大连市金州区学府大街远洋时代城45号摩宿公寓,159,"https://image.xiaozhustatic3.com/00,800,533/21,0,11,21245,2666,2000,33fbeb71.jpg","https://image.xiaozhustatic1.com/21/21,0,88,32684,260,260,c4d2935c.jpg",Male,有家民宿66
146,http://dl.xiaozhu.com/fangzi/111782130303.html,钻石湾滨海民宿～200米海滨公园～商街美食街,辽宁省大连市甘井子区甘井子区钻石湾未来里邦舍公寓G3,138,"https://image.xiaozhustatic3.com/00,800,533/20,0,38,21812,2666,2000,c827af12.jpg","https://image.xiaozhustatic1.com/21/19,0,19,38824,260,260,03435c8e.jpg",Male,yultic
147,http://dl.xiaozhu.com/fangzi/13339828301.html,星海广场 地铁口150米 可做饭 亲子双大床,辽宁省大连市沙河口区和平广场,108,"https://image.xiaozhustatic3.com/00,800,533/19,0,5,49765,1800,1200,92ff22a7.jpg","https://image.xiaozhustatic1.com/21/s,5,6BdL,260,260,2,f77edcd7.jpg",Male,Q先生网红民宿
148,http://dl.xiaozhu.com/fangzi/109340318503.html,可月租，左岸经典一室套房，温馨干净，欢迎入住,辽宁省大连市开发区正恒园3-,152,"https://image.xiaozhustatic3.com/00,800,533/20,0,97,28,2666,2000,720fa4b7.jpg","https://image.xiaozhustatic1.com/21/19,0,24,48776,260,260,68106407.jpg",Female,亿佳民宿
149,http://dl.xiaozhu.com/fangzi/103227117901.html,星海广场地铁站 观景音乐喷泉 豪华三人家庭房,辽宁省大连市沙河口区中山路584号 东方星海A座,132,"https://image.xiaozhustatic3.com/00,800,533/51,0,94,113320,2999,2000,ac417677.jpg","https://image.xiaozhustatic1.com/21/51,0,94,105688,364,363,fcf8f97d.jpg",Female,别看价钱看人均
150,http://dl.xiaozhu.com/fangzi/129846290801.html,豪华 海景亲子房华发新城可长租,辽宁省大连市旅顺口区华发新城1号楼,161,"https://image.xiaozhustatic3.com/00,800,533/s,1,5Y9f,1440,1080,2,daffb937.jpg","https://image.xiaozhustatic1.com/21/s,3,1VrD,270,270,2,0c090f70.jpg",Male,U趣海景民宿
151,http://dl.xiaozhu.com/fangzi/129845823401.html,优享双床房华发新城,辽宁省大连市旅顺口区华发新城1号楼,165,"https://image.xiaozhustatic3.com/00,800,533/s,1,5Y56,1440,1080,2,aadc556f.jpg","https://image.xiaozhustatic1.com/21/s,3,1VrD,270,270,2,0c090f70.jpg",Male,U趣海景民宿
152,http://dl.xiaozhu.com/fangzi/108154729001.html,华发新城怡海大床房,辽宁省大连市旅顺口区旅顺开发区兴发路,128,"https://image.xiaozhustatic3.com/00,800,533/20,0,60,38531,2666,2000,0e5ccd9e.jpg","https://image.xiaozhustatic1.com/21/15,0,48,14449,260,260,6b2435f3.jpg",Female,望海日租酒店公寓
153,http://dl.xiaozhu.com/fangzi/129366092403.html,骑士/华南广场大连北站地铁一号线2居,辽宁省大连市甘井子区远洋荣域b1区1号楼,209,"https://image.xiaozhustatic3.com/00,800,533/s,1,2epu,2996,2000,2,c733e37a.jpg","https://image.xiaozhustatic1.com/21/18,0,14,21752,360,360,ecac6145.jpg",Female,汪汪飞精品民宿
154,http://dl.xiaozhu.com/fangzi/31511103901.html,开发区文园海景近民族学院童牛岭温馨阳光房,辽宁省大连市开发区松竹梅路文园海景,188,"https://image.xiaozhustatic3.com/00,800,533/14,0,53,19765,3000,2000,1461f031.jpg","https://image.xiaozhustatic1.com/21/23,0,93,5038,260,260,6cb1b165.jpg",Female,Matio
155,http://dl.xiaozhu.com/fangzi/108715955401.html,【左岸经典】【金石滩】豪华欧式观景房,辽宁省大连市开发区左岸经典小区3号楼,108,"https://image.xiaozhustatic3.com/00,800,533/19,0,66,47112,1656,1242,52b8e6b3.jpg","https://image.xiaozhustatic1.com/21/20,0,55,13166,363,363,c33794cb.jpg",Female,仙人掌会开花68
156,http://dl.xiaozhu.com/fangzi/125749904603.html,星海广场 会展中心 复式 浪漫法式婚礼套房,辽宁省大连市沙河口区星海凯泰铭座,328,"https://image.xiaozhustatic3.com/00,800,533/23,0,2,8905,1800,1200,57b59aa3.jpg","https://image.xiaozhustatic1.com/21/23,0,80,5133,260,260,d17b9c73.jpg",Male,VKHouse网红民宿
157,http://dl.xiaozhu.com/fangzi/32297984403.html,很高兴遇见你/北欧ins风两居室宜住4人,辽宁省大连市沙河口区台山街10,218,"https://image.xiaozhustatic3.com/00,800,533/15,0,35,14676,2996,2000,149094a3.jpg","https://image.xiaozhustatic1.com/21/51,0,7,8974,329,329,a5403476.jpg",Male,传说的雷神
158,http://dl.xiaozhu.com/fangzi/29942283403.html,hiSEA《北欧风情之旅》,辽宁省大连市沙河口区大连华业玫瑰东方一期,238,"https://image.xiaozhustatic3.com/00,800,533/14,0,38,13401,1800,1201,25a38a44.jpg","https://image.xiaozhustatic1.com/21/13,0,35,29623,343,343,0387ea3d.jpg",Male,Mr张嘉良
159,http://dl.xiaozhu.com/fangzi/8788264464.html,解放路青云街二室塌塌米大床房,辽宁省大连市中山区青云街26号,228,"https://image.xiaozhustatic3.com/00,800,533/51,0,14,49234,1800,1200,a95b4903.jpg","https://image.xiaozhustatic1.com/21/8,0,0,14880,2166,2000,6dea2ae7.jpg",Male,gxf1963
160,http://dl.xiaozhu.com/fangzi/97955244101.html,万国宫馆 木瓜民宿 中庭景观大房 亲海不近海,辽宁省大连市开发区黄海西路10号万国宫馆三期,198,"https://image.xiaozhustatic3.com/00,800,533/51,0,32,115794,3000,2000,86d881bf.jpg","https://image.xiaozhustatic1.com/21/51,0,38,51296,260,260,f33ca472.jpg",Male,木瓜民宿小二
161,http://dl.xiaozhu.com/fangzi/215484201.html,星海近景 梦之蓝国际标准双床房,辽宁省大连市沙河口区中山路,128,"https://image.xiaozhustatic3.com/00,800,533/17,0,58,21892,1800,1200,6de55379.jpg","https://image.xiaozhustatic1.com/21/7,0,5,13969,260,260,40840053.jpg",Male,蓝海之梦
162,http://dl.xiaozhu.com/fangzi/99814933603.html,『轻奢一宿』大连市开发区万达广场INS轻奢风,辽宁省大连市开发区万达广场8号公寓,179,"https://image.xiaozhustatic3.com/00,800,533/51,0,79,89454,1524,1124,f1b5aa15.jpg","https://image.xiaozhustatic1.com/21/51,0,46,74278,329,329,7e39cd52.jpg",Female,轻奢一宿
163,http://dl.xiaozhu.com/fangzi/117405014203.html,近大黑山金石滩 轻轨站 有人情味的家北欧大宅,辽宁省大连市开发区岭湾峰尚二期  独门独户小院子,358,"https://image.xiaozhustatic3.com/00,800,533/21,0,60,29055,2666,2000,e7b426da.jpg","https://image.xiaozhustatic1.com/21/18,0,41,12328,132,132,df762eb3.jpg",Female,青淼小家
164,http://dl.xiaozhu.com/fangzi/12290067702.html,星海广场 星海湾时尚清新家居 超大榻榻米,辽宁省大连市西岗区星海融汇莲花湾,199,"https://image.xiaozhustatic3.com/00,800,533/10,0,14,4227,1920,1281,45f26d72.jpg","https://image.xiaozhustatic1.com/21/10,0,30,8888,414,414,e17e5182.jpg",Female,徐酸酸
165,http://dl.xiaozhu.com/fangzi/30588187403.html,【四时歌语之波西米亚春天】 火车站 友好广场,辽宁省大连市中山区友好路108号中央公馆,189,"https://image.xiaozhustatic3.com/00,800,533/14,0,21,13320,1920,1281,5866b26a.jpg","https://image.xiaozhustatic1.com/21/15,0,94,19720,375,376,f40b6ed2.jpg",Female,EveningDress
166,http://dl.xiaozhu.com/fangzi/36663250203.html,周水子国际机场10分钟(爱俪舍)精品民宿房。,辽宁省大连市甘井子区华北路(甘)2周水前东特爱丽舍公寓B座,148,"https://image.xiaozhustatic3.com/00,800,533/s,1,3f54,2666,2000,2,19b2c077.jpg","https://image.xiaozhustatic1.com/21/15,0,81,24577,260,260,0dcff539.jpg",Female,于君yujun
167,http://dl.xiaozhu.com/fangzi/28687584601.html,星海广场 富国街地铁口 可做饭 时尚大床房,辽宁省大连市沙河口区和平广场,108,"https://image.xiaozhustatic3.com/00,800,533/51,0,73,59263,1800,1200,3f39c463.jpg","https://image.xiaozhustatic1.com/21/s,5,6BdL,260,260,2,f77edcd7.jpg",Male,Q先生网红民宿
168,http://dl.xiaozhu.com/fangzi/96243595903.html,星海广场•西安路·地铁口温馨一居（可月租）,辽宁省大连市沙河口区兴工街罗斯福大厦,149,"https://image.xiaozhustatic3.com/00,800,533/51,0,77,45268,1440,1080,89b7b7c5.jpg","https://image.xiaozhustatic1.com/21/20,0,87,22153,260,260,005baaf0.jpg",Female,暖暖居
169,http://dl.xiaozhu.com/fangzi/106207080703.html,星海广场地铁站 家庭舒适四人套房,辽宁省大连市沙河口区中山路584号,88,"https://image.xiaozhustatic3.com/00,800,533/19,0,50,25783,1440,1080,391d4d75.jpg","https://image.xiaozhustatic1.com/21/20,0,58,26775,329,329,db3d1104.jpg",Female,小钰钰66
170,http://dl.xiaozhu.com/fangzi/26179088903.html,星海广场LOFT《粉妆绣阁》宜住4人近地铁站,辽宁省大连市沙河口区体坛路9号,318,"https://image.xiaozhustatic3.com/00,800,533/12,0,75,25378,1920,1280,8a1a8faf.jpg","https://image.xiaozhustatic1.com/21/51,0,46,79524,329,329,49166fb9.jpg",Female,糖伊
171,http://dl.xiaozhu.com/fangzi/98862816501.html,【优家-缘起】步行机场十分钟/地铁口/可停车,辽宁省大连市甘井子区贤林园鑫境界小区6号楼,168,"https://image.xiaozhustatic3.com/00,800,533/51,0,4,68484,2000,1500,f60804c4.jpg","https://image.xiaozhustatic1.com/21/15,0,77,16304,270,270,7d3136fb.jpg",Female,优佳美宿
172,http://dl.xiaozhu.com/fangzi/102252473903.html,派时光 投影家庭房 万达广场 轻轨3号线,辽宁省大连市开发区万达广场A8公寓,159,"https://image.xiaozhustatic3.com/00,800,533/22,0,80,21927,2666,2000,2e3aa58d.jpg","https://image.xiaozhustatic1.com/21/20,0,48,8409,260,260,3447d8b2.jpg",Female,7j杨柳
173,http://dl.xiaozhu.com/fangzi/128782174103.html,近海风情和平广场星海广场会展中心六人间,辽宁省大连市沙河口区壹品星海B3,259,"https://image.xiaozhustatic3.com/00,800,533/s,1,VVE,1917,1280,2,18ad88b9.jpg","https://image.xiaozhustatic1.com/21/18,0,14,21752,360,360,ecac6145.jpg",Female,汪汪飞精品民宿
174,http://dl.xiaozhu.com/fangzi/26455107901.html,星海广场 富国街地铁口 可做饭 浪漫大床房,辽宁省大连市沙河口区和平广场,108,"https://image.xiaozhustatic3.com/00,800,533/12,0,67,25672,3000,2000,78818c75.jpg","https://image.xiaozhustatic1.com/21/s,5,6BdL,260,260,2,f77edcd7.jpg",Male,Q先生网红民宿
175,http://dl.xiaozhu.com/fangzi/128246307703.html,青春的回忆,辽宁省大连市金州区通用阳光丽景小区8号楼,198,"https://image.xiaozhustatic3.com/00,800,533/s,1,cNT,1440,1080,2,80c98af8.jpg","https://image.xiaozhustatic1.com/21/23,0,99,7105,132,132,1815852f.jpg",Male,Sx单旭高端整装设
176,http://dl.xiaozhu.com/fangzi/99064067203.html,月租优惠高新园区万达广场南侧美式轻奢海景两室,辽宁省大连市高新园区环涛路101号亿海贤府小区2号楼,248,"https://image.xiaozhustatic3.com/00,800,533/19,0,29,24501,2999,2000,331c7e78.jpg","https://image.xiaozhustatic1.com/21/51,0,32,47538,260,260,3e21414e.jpg",Female,玺羽姐姐海景公寓
177,http://dl.xiaozhu.com/fangzi/12563300.html,美加华民宿 家庭4人民宿,辽宁省大连市沙河口区黄河路582号,128,"https://image.xiaozhustatic3.com/00,800,533/3,0,20,524,1800,1200,89c64d69.jpg","https://image.xiaozhustatic1.com/21/8,0,2,8567,260,260,ddd0cb44.jpg",Male,小猪用户1208****
178,http://dl.xiaozhu.com/fangzi/106991087403.html,开发区万达民宿南向欧式双床房,辽宁省大连市开发区辽河西路万达公寓,158,"https://image.xiaozhustatic3.com/00,800,533/19,0,90,29681,2666,2000,b9439552.jpg","https://image.xiaozhustatic1.com/21/16,0,83,3639,260,260,f16acbd7.jpg",Female,7eA小丽
179,http://dl.xiaozhu.com/fangzi/101770339203.html,2yx奥特莱斯海景公寓轻轨站枢纽宜家造船厂,辽宁省大连市西岗区海顺街101A-8号（百年港湾7号楼 汉堡王左侧、机电市场6号门对面）,119,"https://image.xiaozhustatic3.com/00,800,533/51,0,32,101225,1656,1242,03b5defe.jpg","https://image.xiaozhustatic1.com/21/51,0,58,35049,329,330,d996d81d.jpg",Male,大连奥特莱斯海景
180,http://dl.xiaozhu.com/fangzi/101505041103.html,马栏广场新装修民居，清净一室一厅（可住多人）,辽宁省大连市沙河口区兰园街43-47号,199,"https://image.xiaozhustatic3.com/00,800,533/51,0,99,95186,2666,2000,cefd979d.jpg","https://image.xiaozhustatic1.com/21/51,0,58,95638,360,360,6db87b0c.jpg",Female,大连温馨家
181,http://dl.xiaozhu.com/fangzi/128516420703.html,美宿「云海」海景哦！长租优惠/繁华商圈,辽宁省大连市高新园区亿达软景E居,198,"https://image.xiaozhustatic3.com/00,800,533/s,1,wuO,2999,2000,2,c031cc96.jpg","https://image.xiaozhustatic1.com/21/51,0,14,579,260,260,074e37cb.jpg",Female,惜缘居
182,http://dl.xiaozhu.com/fangzi/101354855603.html,「山海雅筑の蒂芙尼蓝」近恒隆广场一居室,辽宁省大连市沙河口区黄河路410号,177,"https://image.xiaozhustatic3.com/00,800,533/51,0,97,116059,1920,1281,837a0f8d.jpg","https://image.xiaozhustatic1.com/21/s,5,Kog,329,329,2,666062df.jpg",Male,山海雅筑民宿
183,http://dl.xiaozhu.com/fangzi/21318098403.html,『艾•窝』1号#老虎滩付家庄动物园星海广场,辽宁省大连市西岗区八一路208号名城国际公馆,288,"https://image.xiaozhustatic3.com/00,800,533/12,0,2,156,1800,1201,da5c84f1.jpg","https://image.xiaozhustatic1.com/21/8,0,25,602,260,260,adb74d49.jpg",Female,丹妮77
184,http://dl.xiaozhu.com/fangzi/112934545503.html,柠檬民宿北欧豪华大床房（软皮床乳胶垫）,辽宁省大连市金州区光明街道胜利路178瑞柏中心1号楼,139,"https://image.xiaozhustatic3.com/00,800,533/20,0,41,28684,1678,1124,05f5091a.jpg","https://image.xiaozhustatic1.com/21/21,0,93,41013,329,329,baf41d66.jpg",Male,瑞柏柠檬精品民宿
185,http://dl.xiaozhu.com/fangzi/33634278703.html,金石滩近发现王国黄金海岸蜡像馆复式跃层,辽宁省大连市开发区金石滩纳帕溪谷,298,"https://image.xiaozhustatic3.com/00,948,533/15,0,73,5074,1920,1080,161cf64b.jpg","https://image.xiaozhustatic1.com/21/15,0,77,5038,260,260,c22dde62.jpg",Female,suika2002
186,http://dl.xiaozhu.com/fangzi/126210656203.html,浪漫情侣大床房,辽宁省大连市开发区亿锋现代城3号楼,188,"https://image.xiaozhustatic3.com/00,800,533/23,0,78,7623,1440,1080,f360034c.jpg","https://image.xiaozhustatic1.com/21/20,0,97,31119,132,132,fd1746fc.jpg",NA,Shund5
187,http://dl.xiaozhu.com/fangzi/107056604203.html,美宿「红颜」长租优惠/步行星海广场/和平广场,辽宁省大连市沙河口区和平现代城D座,228,"https://image.xiaozhustatic3.com/00,800,533/19,0,62,30238,2999,2000,4987c0d1.jpg","https://image.xiaozhustatic1.com/21/20,0,1,21348,414,415,8960edd1.jpg",NA,美宿海风
188,http://dl.xiaozhu.com/fangzi/28648651101.html,星海广场地铁1号线-《阁楼上的光》之绿野仙踪,辽宁省大连市沙河口区星海广场B3区,168,"https://image.xiaozhustatic3.com/00,800,533/13,0,77,25800,2999,2000,0759fb22.jpg","https://image.xiaozhustatic1.com/21/8,0,65,6741,260,260,d017952f.jpg",Male,ying0726
189,http://dl.xiaozhu.com/fangzi/31544046403.html,美宿「波西米亚」华南商圈/巨幕影院近机场北站,辽宁省大连市甘井子区汇通街38号,198,"https://image.xiaozhustatic3.com/00,800,533/14,0,54,19994,2999,2000,e7d4cc53.jpg","https://image.xiaozhustatic1.com/21/10,0,36,21838,268,268,35875c62.jpg",Male,美宿日记
190,http://dl.xiaozhu.com/fangzi/40146855603.html,书香悠闲大床房,辽宁省大连市旅顺口区旅顺开发区兴发路,118,"https://image.xiaozhustatic3.com/00,800,533/20,0,46,38422,2666,2000,b57c969c.jpg","https://image.xiaozhustatic1.com/21/15,0,48,14449,260,260,6b2435f3.jpg",Female,望海日租酒店公寓
191,http://dl.xiaozhu.com/fangzi/32469380903.html,金石滩近发现王国嘉海楠舍洋房,辽宁省大连市金州区金石滩龙谷街德嘉与海,368,"https://image.xiaozhustatic3.com/00,800,533/20,0,94,19814,3000,2000,d53f398c.jpg","https://image.xiaozhustatic1.com/21/23,0,85,2211,260,260,a4073829.jpg",Female,香水百合pq
192,http://dl.xiaozhu.com/fangzi/12569600.html,西安路 美加华双人温馨民宿,辽宁省大连市沙河口区582号,138,"https://image.xiaozhustatic3.com/00,800,533/2,0,47,3423,1800,1200,dbfdd8e0.jpg","https://image.xiaozhustatic1.com/21/8,0,2,8567,260,260,ddd0cb44.jpg",Male,小猪用户1208****
193,http://dl.xiaozhu.com/fangzi/13339955101.html,星海广场 富国街地铁口 可做饭 黑色幽默大床,辽宁省大连市沙河口区和平广场,108,"https://image.xiaozhustatic3.com/00,800,533/51,0,80,74433,2999,2000,3bbc7387.jpg","https://image.xiaozhustatic1.com/21/s,5,6BdL,260,260,2,f77edcd7.jpg",Male,Q先生网红民宿
194,http://dl.xiaozhu.com/fangzi/31511086001.html,开发区文园海景大床房近民族学院童牛岭,辽宁省大连市开发区松竹梅路文园海景,208,"https://image.xiaozhustatic3.com/00,800,533/14,0,72,20103,2999,2000,5ddb4d72.jpg","https://image.xiaozhustatic1.com/21/23,0,93,5038,260,260,6cb1b165.jpg",Female,Matio
195,http://dl.xiaozhu.com/fangzi/65869956503.html,大连机场乐购温馨大床房,辽宁省大连市甘井子区虹彩西园99号,169,"https://image.xiaozhustatic3.com/00,800,533/51,0,84,46098,2999,2000,55a656e0.jpg","https://image.xiaozhustatic1.com/21/17,0,19,13113,260,260,ab08707b.jpg",Female,大婷S
196,http://dl.xiaozhu.com/fangzi/41709167903.html,星海4人及多人间温馨家庭房私人订制炕整租,辽宁省大连市沙河口区西南路64号8楼,199,"https://image.xiaozhustatic3.com/00,800,533/17,0,14,17790,1080,810,7f7b80f0.jpg","https://image.xiaozhustatic1.com/21/17,0,13,18753,150,150,510cc9f1.jpg",Female,大连星海润诺
197,http://dl.xiaozhu.com/fangzi/121311183403.html,【步行10分到机场】吊床1，带折叠腿,辽宁省大连市甘井子区城市印象小区D座星空公寓,166,"https://image.xiaozhustatic3.com/00,812,533/21,0,91,42244,1645,1080,db2ea015.jpg","https://image.xiaozhustatic1.com/21/51,0,71,114037,260,260,d1708f9d.jpg",Female,嘉玲居
198,http://dl.xiaozhu.com/fangzi/98337810403.html,开发区 万国宫馆简欧大床房大连北站15分钟到,辽宁省大连市开发区黄海西路10号万国宫馆三期13号楼,198,"https://image.xiaozhustatic3.com/00,800,533/51,0,67,115173,3000,2000,f003453a.jpg","https://image.xiaozhustatic1.com/21/51,0,38,51296,260,260,f33ca472.jpg",Male,木瓜民宿小二
199,http://dl.xiaozhu.com/fangzi/100560753603.html,市中心地铁口白色唯美风紧邻水城歹街免费依云,辽宁省大连市中山区港湾街20号,299,"https://image.xiaozhustatic3.com/00,800,533/51,0,21,112659,1920,1281,f818e4ab.jpg","https://image.xiaozhustatic1.com/21/22,0,90,6043,260,260,02a376ff.jpg",Female,是小胖呀11
200,http://dl.xiaozhu.com/fangzi/29978822103.html,「年华」清新风格/和平商圈/步行星海10分,辽宁省大连市沙河口区中山路552号（和平现代城）,198,"https://image.xiaozhustatic3.com/00,800,533/14,0,70,2620,2999,2000,116df7ed.jpg","https://image.xiaozhustatic1.com/21/10,0,36,21838,268,268,35875c62.jpg",Male,美宿日记
201,http://dl.xiaozhu.com/fangzi/123459751903.html,美宿「童年」商圈/近机场北站/地铁上盖,辽宁省大连市甘井子区亿合现代城A3号楼,228,"https://image.xiaozhustatic3.com/00,800,533/22,0,47,22343,2999,2000,4ace67cd.jpg","https://image.xiaozhustatic1.com/21/10,0,36,21838,268,268,35875c62.jpg",Male,美宿日记
202,http://dl.xiaozhu.com/fangzi/13908808002.html,【西安路商圈整套民宿】安德森先生的星光兔兔家,辽宁省大连市沙河口区白山路29号,199,"https://image.xiaozhustatic3.com/00,800,533/10,0,36,9834,1920,1281,8eefb370.jpg","https://image.xiaozhustatic1.com/21/10,0,39,7838,160,160,3b8fd018.jpg",Male,安德森蔡
203,http://dl.xiaozhu.com/fangzi/122016938303.html,西安路/地铁旁/南向落地窗/可做饭/1米8床,辽宁省大连市沙河口区沙河口区兴工南五街17号,148,"https://image.xiaozhustatic3.com/00,800,533/22,0,89,4036,2673,2000,4d32ab46.jpg","https://image.xiaozhustatic1.com/21/22,0,62,3981,132,132,8610c071.jpg",Female,心理救护站
204,http://dl.xiaozhu.com/fangzi/34325418601.html,火车站附近观劳动公园全景，阳光大床房四人间,辽宁省大连市中山区解放路162号伊景华园,125,"https://image.xiaozhustatic3.com/00,800,533/15,0,25,14390,2666,2000,e2886df3.jpg","https://image.xiaozhustatic1.com/21/15,0,1,13944,260,260,676c1f74.jpg",Female,pj520
205,http://dl.xiaozhu.com/fangzi/116238852801.html,一方国际民宿，中山广场地铁旁，75平一室一厅,辽宁省大连市中山区安乐街29号,198,"https://image.xiaozhustatic3.com/00,800,533/21,0,45,4656,2666,2000,aed03aae.jpg","https://image.xiaozhustatic1.com/21/23,0,99,14966,260,260,1fb10cdc.jpg",Male,逸居欣生活
206,http://dl.xiaozhu.com/fangzi/29756710903.html,大连宿间 近星海广场和平商场 动物园圣亚城堡,辽宁省大连市沙河口区和平现代城D座,158,"https://image.xiaozhustatic3.com/00,800,533/13,0,13,30395,1800,1200,44100de1.jpg","https://image.xiaozhustatic1.com/21/11,0,10,12350,329,329,dc2a56e0.jpg",Female,大连宿间
207,http://dl.xiaozhu.com/fangzi/26024037203.html,【馨雅驿栈】之浪漫爱琴海：中心地段近人民广场,辽宁省大连市西岗区不老街168号万达华府二期35号楼,169,"https://image.xiaozhustatic3.com/00,800,533/51,0,80,42200,1440,1080,f0d08499.jpg","https://image.xiaozhustatic1.com/21/12,0,9,22261,329,329,15a6c952.jpg",Female,馨雅驿栈大掌柜
208,http://dl.xiaozhu.com/fangzi/129742848703.html,【山日泊舍】·【温暖如初】旅顺太阳沟独栋别墅,辽宁省大连市旅顺口区太阳沟,847,"https://image.xiaozhustatic3.com/00,801,533/s,1,5IGk,3004,2000,2,37e196f3.jpg","https://image.xiaozhustatic1.com/21/s,5,7LPx,260,260,2,d273a665.jpg",Male,山日旅栖
209,http://dl.xiaozhu.com/fangzi/99798514003.html,『陌上花开』万达商圈Ins风智能门锁投影仪,辽宁省大连市开发区万达广场8号公寓,188,"https://image.xiaozhustatic3.com/00,800,533/51,0,99,75664,1500,1126,180b99b1.jpg","https://image.xiaozhustatic1.com/21/19,0,81,20093,329,329,896e9f93.jpg",Female,Smilence_D
210,http://dl.xiaozhu.com/fangzi/114625083203.html,【锦时】大连北站地铁站北欧2居6人火烈鸟风,辽宁省大连市甘井子区俊岭街29号楼,198,"https://image.xiaozhustatic3.com/00,800,533/21,0,54,8189,2999,2000,078f1d0e.jpg","https://image.xiaozhustatic1.com/21/23,0,75,3546,260,260,b5672a94.jpg",Female,雲清27
211,http://dl.xiaozhu.com/fangzi/123791834001.html,小平岛悦丽海湾精品民宿可茶道、可会客、可居住,辽宁省大连市高新园区黄埔路小平岛河口悦丽海湾,159,"https://image.xiaozhustatic3.com/00,800,533/22,0,86,22707,1440,1080,438373f7.jpg","https://image.xiaozhustatic1.com/21/11,0,88,18181,363,363,2f02ed44.jpg",Male,褶子
212,http://dl.xiaozhu.com/fangzi/34490023003.html,CBD中心地铁口法式跃层一室一厅/免费依云,辽宁省大连市中山区世纪街3号嘉盈商务公寓,299,"https://image.xiaozhustatic3.com/00,800,533/15,0,90,26424,1800,1200,c8c4ca73.jpg","https://image.xiaozhustatic1.com/21/22,0,90,6043,260,260,02a376ff.jpg",Female,是小胖呀11
213,http://dl.xiaozhu.com/fangzi/25152329603.html,与星海公园咫尺相隔跃层有阳台可以想静静的家,辽宁省大连市沙河口区西南路二甲,205,"https://image.xiaozhustatic3.com/00,800,533/12,0,41,26818,1920,1282,57562e1f.jpg","https://image.xiaozhustatic1.com/21/9,0,45,12842,329,329,3af28a0e.jpg",Male,两家一院
214,http://dl.xiaozhu.com/fangzi/111232026501.html,机场万科三床6～7人豪华家庭房,辽宁省大连市甘井子区虹彩西园99号,259,"https://image.xiaozhustatic3.com/00,800,533/21,0,74,748,3000,2000,2be7964f.jpg","https://image.xiaozhustatic1.com/21/17,0,19,13113,260,260,ab08707b.jpg",Female,大婷S
215,http://dl.xiaozhu.com/fangzi/33183888501.html,星海广场 富国街地铁口 复古工业主题大床房,辽宁省大连市沙河口区和平广场,108,"https://image.xiaozhustatic3.com/00,800,533/16,0,19,15301,1800,1200,7c02bdcb.jpg","https://image.xiaozhustatic1.com/21/s,5,6BdL,260,260,2,f77edcd7.jpg",Male,Q先生网红民宿
216,http://dl.xiaozhu.com/fangzi/264087801.html,中山公园附近温馨大床房,辽宁省大连市沙河口区黄河路582号美加华公寓,128,"https://image.xiaozhustatic3.com/00,800,533/2,0,19,3575,1800,1200,fc630ad4.jpg","https://image.xiaozhustatic1.com/21/19,0,85,34479,363,363,5e51bf10.jpg",Female,大连丰华小筑
217,http://dl.xiaozhu.com/fangzi/40349465403.html,禧家星海广场拈花湾观景台大床房，赠船票近地铁,辽宁省大连市沙河口区星海广场高尔基路488号，城市旋律揽胜公寓,128,"https://image.xiaozhustatic3.com/00,800,533/17,0,81,16651,1800,1200,fa766795.jpg","https://image.xiaozhustatic1.com/21/17,0,40,3023,260,260,ff9a5d3b.jpg",Female,星海禧家城景公寓
218,http://dl.xiaozhu.com/fangzi/120788605301.html,大黑山脚下近万达近金石滩独门独户小院子大平台,辽宁省大连市开发区岭湾峰尚二期  独门独户小院子,358,"https://image.xiaozhustatic3.com/00,800,533/22,0,68,1383,2999,2000,57105e3b.jpg","https://image.xiaozhustatic1.com/21/18,0,41,12328,132,132,df762eb3.jpg",Female,青淼小家
219,http://dl.xiaozhu.com/fangzi/106417918401.html,中山广场，地铁旁，一方国际，超大60平（9）,辽宁省大连市中山区安乐街29号,188,"https://image.xiaozhustatic3.com/00,800,533/19,0,60,48944,1440,1080,34840a0f.jpg","https://image.xiaozhustatic1.com/21/23,0,99,14966,260,260,1fb10cdc.jpg",Male,逸居欣生活
220,http://dl.xiaozhu.com/fangzi/100694982101.html,『轻奢一宿』万达广场网红INS轻奢艺术风,辽宁省大连市开发区万达广场,179,"https://image.xiaozhustatic3.com/00,800,533/51,0,20,95352,1500,1124,6a9999e8.jpg","https://image.xiaozhustatic1.com/21/51,0,46,74278,329,329,7e39cd52.jpg",Female,轻奢一宿
221,http://dl.xiaozhu.com/fangzi/16331350103.html,星海广场附近、千盛百货~两室家庭房，交通发达,辽宁省大连市沙河口区中山路552,258,"https://image.xiaozhustatic3.com/00,800,533/11,0,71,3354,1920,1280,ad41cece.jpg","https://image.xiaozhustatic1.com/21/8,0,20,15168,160,160,afba48ea.jpg",Male,大连小徐
222,http://dl.xiaozhu.com/fangzi/119276449203.html,美宿「爱丽丝」月租优惠loft巨幕,辽宁省大连市中山区悦泰诚里,158,"https://image.xiaozhustatic3.com/00,800,533/21,0,19,24796,2999,2000,9e01c9c5.jpg","https://image.xiaozhustatic1.com/21/10,0,36,21838,268,268,35875c62.jpg",Male,美宿日记
223,http://dl.xiaozhu.com/fangzi/130934155101.html,温馨港湾全海景大床房,辽宁省大连市旅顺口区旅顺开发区兴发路193号,128,"https://image.xiaozhustatic3.com/00,800,533/s,1,87vw,1440,1080,2,1c2f4b75.jpg","https://image.xiaozhustatic1.com/21/21,0,22,38334,260,260,41ca969c.jpg",Female,温馨港湾舒适民宿
224,http://dl.xiaozhu.com/fangzi/12558400.html,美加华 温馨舒适4人民宿,辽宁省大连市沙河口区白山路28号,158,"https://image.xiaozhustatic3.com/00,800,533/3,0,45,463,1800,1200,988ac584.jpg","https://image.xiaozhustatic1.com/21/8,0,2,8567,260,260,ddd0cb44.jpg",Male,小猪用户1208****
225,http://dl.xiaozhu.com/fangzi/119181000603.html,北欧简约精装高端都市夜景房,辽宁省大连市中山区曼哈顿大厦B座,266,"https://image.xiaozhustatic3.com/00,800,533/23,0,57,12876,1440,1080,e1d37af6.jpg","https://image.xiaozhustatic1.com/21/s,5,6lUB,260,260,2,c6e9d10c.jpg",Male,海都雾语
226,http://dl.xiaozhu.com/fangzi/125105516903.html,《斑斓美宿》复古风，城市中心，近火车站地铁站,辽宁省大连市中山区中山区独立街19号,199,"https://image.xiaozhustatic3.com/00,800,533/23,0,47,8775,1440,1080,b2b0e764.jpg","https://image.xiaozhustatic1.com/21/23,0,74,264,132,132,7fb43c8f.jpg",Female,卖女孩的小火柴l1
227,http://dl.xiaozhu.com/fangzi/41102605803.html,海景两室 高新万达商圈 步行海边 近星海广场,辽宁省大连市高新园区亿海贤府小区,248,"https://image.xiaozhustatic3.com/00,801,533/51,0,54,78393,3004,2000,91fb7a42.jpg","https://image.xiaozhustatic1.com/21/51,0,27,65027,260,260,389b1985.jpg",Female,大橙子_cc
228,http://dl.xiaozhu.com/fangzi/115773687703.html,世茂御龙海湾（御龙园），海景房家电齐全能做饭,辽宁省大连市金州区大魏家街道世茂御龙海湾65号楼（海字楼）,168,"https://image.xiaozhustatic3.com/00,800,533/21,0,67,2523,2666,2000,4f507b0d.jpg","https://image.xiaozhustatic1.com/21/21,0,27,2698,260,260,a8267fa6.jpg",Female,Leamichelle
229,http://dl.xiaozhu.com/fangzi/104004524701.html,金石滩。海滨。阳光房。,辽宁省大连市金州区金石滩水木华庭租售中心,188,"https://image.xiaozhustatic3.com/00,800,533/17,0,66,21682,2666,2000,f6a10256.jpg","https://image.xiaozhustatic1.com/21/51,0,4,15368,260,260,0f4944f5.jpg",Male,wqc528
230,http://dl.xiaozhu.com/fangzi/31768994201.html,海边的小窝，可住4人，双大床，舒适卫生！,辽宁省大连市旅顺口区兴发路193号华发新城,188,"https://image.xiaozhustatic3.com/00,800,533/14,0,31,18051,2666,2000,60c7d116.jpg","https://image.xiaozhustatic1.com/21/11,0,81,9791,260,260,2a0d816c.jpg",Male,joeycheng
231,http://dl.xiaozhu.com/fangzi/111978104603.html,高新区海景 观山海 开启慢生活 天然海滨浴场,辽宁省大连市高新园区七贤南街御府山海关1号楼,200,"https://image.xiaozhustatic3.com/00,800,533/20,0,92,21484,1656,1242,338a84f6.jpg","https://image.xiaozhustatic1.com/21/20,0,25,28418,363,363,c49229a1.jpg",Female,laoma73
232,http://dl.xiaozhu.com/fangzi/123381105903.html,千遇千寻 星海公园/超大投影/圣亚海洋世界,辽宁省大连市沙河口区大连沙河口区中山路529号,108,"https://image.xiaozhustatic3.com/00,949,533/22,0,31,20240,1334,750,50ce2175.jpg","https://image.xiaozhustatic1.com/21/17,0,1,21122,329,329,6843df6d.jpg",Female,小猫huijia
233,http://dl.xiaozhu.com/fangzi/127959743603.html,高新园区万达广场旁菁英汇整租,辽宁省大连市高新园区黄浦路544号菁英汇1号楼,198,"https://image.xiaozhustatic3.com/00,800,533/23,0,30,14272,2666,2000,1fb15d0d.jpg","https://image.xiaozhustatic1.com/21/23,0,67,15498,260,260,1642825f.jpg",Female,琛歌
234,http://dl.xiaozhu.com/fangzi/130032923301.html,『侣行民宿』星海地铁旁复式投影双床房,辽宁省大连市沙河口区星河二街星海凯泰铭座B座8楼,329,"https://image.xiaozhustatic3.com/00,853,533/s,1,6zZe,3200,2000,2,777a3e5a.jpg","https://image.xiaozhustatic1.com/21/s,3,1Gyz,352,352,2,40526324.jpg",Male,duoqing911
235,http://dl.xiaozhu.com/fangzi/130032105401.html,『侣行民宿』星海地铁旁复式投影大床房,辽宁省大连市沙河口区星河二街星海凯泰铭座B座8楼,329,"https://image.xiaozhustatic3.com/00,853,533/s,1,6zRs,3200,2000,2,d4b0dfae.jpg","https://image.xiaozhustatic1.com/21/s,3,1Gyz,352,352,2,40526324.jpg",Male,duoqing911
236,http://dl.xiaozhu.com/fangzi/29886832003.html,中山广场CBD地铁2号北欧一室一厅三人房整租,辽宁省大连市中山区世纪街3号嘉盈商务公寓,299,"https://image.xiaozhustatic3.com/00,800,533/14,0,60,20914,1140,854,8b4d2250.jpg","https://image.xiaozhustatic1.com/21/22,0,90,6043,260,260,02a376ff.jpg",Female,是小胖呀11
237,http://dl.xiaozhu.com/fangzi/40682563803.html,金石滩度假区中心地带大床房整租,辽宁省大连市金州区金石滩王仔假日5号楼,198,"https://image.xiaozhustatic3.com/00,800,533/17,0,91,5296,1440,1080,3c24ec04.jpg","https://image.xiaozhustatic1.com/21/17,0,95,6280,260,260,21bd7436.jpg",Male,玉帝新传
238,http://dl.xiaozhu.com/fangzi/108782556203.html,西岗火车站附近温馨双人小屋,辽宁省大连市西岗区新成巷38号,218,"https://image.xiaozhustatic3.com/00,800,533/19,0,67,47436,1440,1080,440548e8.jpg","https://image.xiaozhustatic1.com/21/19,0,95,47841,414,415,863ccdde.jpg",Female,白龙回来吧
239,http://dl.xiaozhu.com/fangzi/112527318303.html,子野优品民宿 浅色,辽宁省大连市西岗区菜市街振富公寓,198,"https://image.xiaozhustatic3.com/00,800,533/23,0,82,8016,2666,2000,0da8b413.jpg","https://image.xiaozhustatic1.com/21/20,0,6,25244,260,260,a5998e1b.jpg",Male,斯文某某
240,http://dl.xiaozhu.com/fangzi/128808745201.html,华发新城温馨精品大床房,辽宁省大连市旅顺口区兴华路193号,136,"https://image.xiaozhustatic3.com/00,800,533/s,1,ZwG,1440,1080,2,b228eda0.jpg","https://image.xiaozhustatic1.com/21/21,0,6,40264,260,260,42ea0a5c.jpg",Female,华发新城梦幻民宿
241,http://dl.xiaozhu.com/fangzi/41124558703.html,金石滩发现王国黄金海岸旅游度假温馨民宿,辽宁省大连市金州区经济开发区金石滩雅石园1栋,128,"https://image.xiaozhustatic3.com/00,800,533/51,0,44,17636,3000,2000,5ffcc630.jpg","https://image.xiaozhustatic1.com/21/22,0,97,7118,260,260,ed3b7a99.jpg",Female,阿婷Abby
242,http://dl.xiaozhu.com/fangzi/121649367003.html,【步行10分到机场】吊床2，带折叠腿,辽宁省大连市甘井子区城市印象小区D座星空公寓,166,"https://image.xiaozhustatic3.com/00,812,533/23,0,68,5220,1645,1080,33d636fa.jpg","https://image.xiaozhustatic1.com/21/51,0,71,114037,260,260,d1708f9d.jpg",Female,嘉玲居
243,http://dl.xiaozhu.com/fangzi/273890801.html,温馨主题大床客房,辽宁省大连市沙河口区中山路692号,80,"https://image.xiaozhustatic3.com/00,800,533/2,0,84,3448,1784,1191,3e9fa9d7.jpg","https://image.xiaozhustatic1.com/21/2,0,42,2714,370,370,27fa5fd2.jpg",Female,兄弟海景公寓
244,http://dl.xiaozhu.com/fangzi/118846990003.html,【人生如屋】仁居宜4人海景近地铁青泥洼市中心,辽宁省大连市中山区普照街50号,158,"https://image.xiaozhustatic3.com/00,801,533/21,0,25,21815,3004,2000,57aa3711.jpg","https://image.xiaozhustatic1.com/21/51,0,81,77639,260,260,ef482e31.jpg",Female,山日文旅
245,http://dl.xiaozhu.com/fangzi/125448163503.html,西南路交通大学飞扬LOFT75平米可做饭停车,辽宁省大连市沙河口区西南路499号,268,"https://image.xiaozhustatic3.com/00,800,533/s,1,klV,2666,2000,2,596b36f0.jpg",https://thirdqq.qlogo.cn/qqapp/100408832/F13B70F3B37CA3065C3A699A3A111F12/100,NA,大红豆与红豆芽
246,http://dl.xiaozhu.com/fangzi/8371391747.html,快轨站 万达广场『琴韵雅居-精品双床钢琴房』,辽宁省大连市开发区辽河西路万达广场,228,"https://image.xiaozhustatic3.com/00,800,533/9,0,78,8918,1920,1292,ed9b7ed0.jpg","https://image.xiaozhustatic1.com/21/12,0,48,3806,260,260,674ab170.jpg",Female,晴子喵的全球物语
247,http://dl.xiaozhu.com/fangzi/26538070203.html,ins海洋球/跃层#巨幕投影仪/近火车站,辽宁省大连市西岗区长江路金宸国际大厦570号,158,"https://image.xiaozhustatic3.com/00,800,533/13,0,70,8823,1920,1280,92bec0c1.jpg","https://image.xiaozhustatic1.com/21/10,0,26,10340,329,329,7485bb84.jpg",Male,Andy_Qu
248,http://dl.xiaozhu.com/fangzi/100933438703.html,大连西岗万达 欧派智能整装 配套高端,辽宁省大连市西岗区长江路598号万达高层小区,769,"https://image.xiaozhustatic3.com/00,800,533/19,0,39,1303,1920,1281,456879cd.jpg","https://image.xiaozhustatic1.com/21/51,0,75,79128,375,376,8ca0d869.jpg",Female,抹茶拿铁333
249,http://dl.xiaozhu.com/fangzi/12722261402.html,Havefun!走路去星海近地铁的好玩跃层,辽宁省大连市沙河口区宏都筑景53,300,"https://image.xiaozhustatic3.com/00,800,533/10,0,94,15204,1920,1281,fadcb4c0.jpg","https://image.xiaozhustatic1.com/21/9,0,45,12842,329,329,3af28a0e.jpg",Male,两家一院
250,http://dl.xiaozhu.com/fangzi/128583994403.html,朴宿微澜/高薪万达金街海事理工地铁两居六人居,辽宁省大连市高新园区高新园区高能街中海紫御官邸,258,"https://image.xiaozhustatic3.com/00,800,533/s,1,BCR,1880,1253,2,14fbee33.jpg","https://image.xiaozhustatic1.com/21/18,0,14,21752,360,360,ecac6145.jpg",Female,汪汪飞精品民宿
251,http://dl.xiaozhu.com/fangzi/96305777503.html,大连理工大学海事大学东财东软数码广场的兰室,辽宁省大连市沙河口区数码广场软景e居3号楼,218,"https://image.xiaozhustatic3.com/00,800,533/51,0,99,46517,3000,2000,57b5511f.jpg","https://image.xiaozhustatic1.com/21/14,0,77,4271,260,260,1777bd1b.jpg",Female,王涤非
252,http://dl.xiaozhu.com/fangzi/25108711003.html,安德森的海螺家/星海广场地铁C口独享豪华公寓,辽宁省大连市沙河口区星海二街40号,199,"https://image.xiaozhustatic3.com/00,800,533/12,0,92,20795,1920,1280,0d481837.jpg","https://image.xiaozhustatic1.com/21/10,0,39,7838,160,160,3b8fd018.jpg",Male,安德森蔡
253,http://dl.xiaozhu.com/fangzi/103968031403.html,蜜桃物语～星海公园 星海广场 海景房超大投影,辽宁省大连市沙河口区中山路535号,130,"https://image.xiaozhustatic3.com/00,800,533/17,0,2,21391,1620,1080,89e20d7f.jpg","https://image.xiaozhustatic1.com/21/17,0,1,21122,329,329,6843df6d.jpg",Female,小猫huijia
254,http://dl.xiaozhu.com/fangzi/114724611103.html,东港会议中心地理优越温馨海景大床房！,辽宁省大连市中山区东港绿地中心A1,218,"https://image.xiaozhustatic3.com/00,800,533/21,0,82,36053,1440,1080,05864694.jpg","https://image.xiaozhustatic1.com/21/23,0,18,9776,260,260,51673c25.jpg",Female,静姐房屋
255,http://dl.xiaozhu.com/fangzi/35463330003.html,大连西安路海创聚润高端民宿,辽宁省大连市沙河口区西安路95号E3号楼-1-4,588,"https://image.xiaozhustatic3.com/00,800,533/16,0,45,38113,1800,1200,1f222b23.jpg","https://image.xiaozhustatic1.com/21/10,0,6,17734,281,281,4a14ac58.jpg",Male,有条大鱼
256,http://dl.xiaozhu.com/fangzi/114249705103.html,星级民宿~星海和平广场高层~两大床~独立厨卫,辽宁省大连市沙河口区和平广场和平现代城D座,168,"https://image.xiaozhustatic3.com/00,800,533/21,0,96,5232,1800,1200,c23829cf.jpg","https://image.xiaozhustatic1.com/21/20,0,98,42381,260,260,361e0c8c.jpg",Female,星级民宿VIP
257,http://dl.xiaozhu.com/fangzi/123782662803.html,【人生如屋】安隅春风十里中式庭院两室宜住4人,辽宁省大连市旅顺口区中铁琥珀湾,799,"https://image.xiaozhustatic3.com/00,800,533/22,0,88,22084,2666,2000,0e9cca0c.jpg","https://image.xiaozhustatic1.com/21/51,0,81,77639,260,260,ef482e31.jpg",Female,山日文旅
258,http://dl.xiaozhu.com/fangzi/119537506001.html,星海·三床房床位·青旅民宿,辽宁省大连市沙河口区星海街道,60,"https://image.xiaozhustatic3.com/00,800,533/21,0,43,36733,1656,1242,0365f3e4.jpg","https://image.xiaozhustatic1.com/21/20,0,87,8339,363,363,8c037a94.jpg",Female,冷暖园子
259,http://dl.xiaozhu.com/fangzi/2878582262.html,《8人套房》市中心地段，近地铁出行便利,辽宁省大连市沙河口区黄河路582号美加华公寓,188,"https://image.xiaozhustatic3.com/00,800,533/19,0,8,9486,1656,1242,3522fab4.jpg","https://image.xiaozhustatic1.com/21/19,0,85,34479,363,363,5e51bf10.jpg",Female,大连丰华小筑
260,http://dl.xiaozhu.com/fangzi/97721590603.html,王仔假日海花棠，温馨舒适大床房整租,辽宁省大连市金州区王仔假日小区5号楼,168,"https://image.xiaozhustatic3.com/00,805,533/51,0,18,57366,1132,750,b6c5e3d8.jpg","https://image.xiaozhustatic1.com/21/20,0,40,35117,364,363,bc2e9083.jpg",Male,海花棠民宿
261,http://dl.xiaozhu.com/fangzi/103045383601.html,老虎滩/森林动物园/星海圣亚/海景别墅,辽宁省大连市西岗区华泰街海寰别墅,1688,"https://image.xiaozhustatic3.com/00,800,533/19,0,84,32448,2999,2000,0180fee1.jpg","https://image.xiaozhustatic1.com/21/51,0,16,112453,260,260,2bacfb07.jpg",Female,快乐爱家
262,http://dl.xiaozhu.com/fangzi/129051429003.html,【壹间良舍】大连机场对面 青柠ins简约北欧,辽宁省大连市甘井子区圣林街62号城市印象D座星空民宿,159,"https://image.xiaozhustatic3.com/00,800,533/s,1,1uLP,1500,1124,2,dfab6d50.jpg","https://image.xiaozhustatic1.com/21/20,0,66,7561,260,260,d536e11d.jpg",Female,壹间良舍
263,http://dl.xiaozhu.com/fangzi/35987331401.html,大连旅顺军港旁近大学城风景区中整套英伦风公寓,辽宁省大连市旅顺口区盐北路创新路30号英郡,188,"https://image.xiaozhustatic3.com/00,946,533/21,0,95,6115,1915,1080,28b221d0.jpg","https://image.xiaozhustatic1.com/21/16,0,65,13143,260,260,1b746cb5.jpg",Female,刘龄蔚
264,http://dl.xiaozhu.com/fangzi/6839074616.html,富贵壹号－近地铁，3站至机场，5站至市中心,辽宁省大连市甘井子区红旗西路保利西山林语小区,168,"https://image.xiaozhustatic3.com/00,800,533/9,0,4,8569,1920,1280,2e858dab.jpg","https://image.xiaozhustatic1.com/21/17,0,87,5934,260,260,18cdd89d.jpg",Female,赵富贵_花开
265,http://dl.xiaozhu.com/fangzi/125866342203.html,【壹间良舍】机场对面 棉花糖 工业大学,辽宁省大连市甘井子区圣林街62号城市印象D座星空民宿,138,"https://image.xiaozhustatic3.com/00,800,533/23,0,5,5826,1500,1124,3e7013d3.jpg","https://image.xiaozhustatic1.com/21/20,0,66,7561,260,260,d536e11d.jpg",Female,壹间良舍
266,http://dl.xiaozhu.com/fangzi/4718705414.html,黑石礁一居带70㎡院子家庭出行**,辽宁省大连市沙河口区杭州街,188,"https://image.xiaozhustatic3.com/00,800,533/8,0,30,2881,1800,1201,081b1a76.jpg","https://image.xiaozhustatic1.com/21/9,0,45,12842,329,329,3af28a0e.jpg",Male,两家一院
267,http://dl.xiaozhu.com/fangzi/1169743975.html,星海观景 梦之蓝 舒适家庭大床房,辽宁省大连市沙河口区中山路692号(黑石礁汽车站旁 大商新玛特附近),148,"https://image.xiaozhustatic3.com/00,800,533/10,0,23,3210,1800,1201,c82011d5.jpg","https://image.xiaozhustatic1.com/21/7,0,5,13969,260,260,40840053.jpg",Male,蓝海之梦
268,http://dl.xiaozhu.com/fangzi/30523791703.html,一线北欧海景房 三个南飘窗看海 金石滩老虎滩,辽宁省大连市开发区华润海中国-一期观海园 兴达街滨海大道,248,"https://image.xiaozhustatic3.com/00,800,533/14,0,80,16601,3000,2000,848d1bb4.jpg","https://image.xiaozhustatic1.com/21/14,0,59,20267,148,148,0ff96a95.jpg",Female,观海北欧之家
269,http://dl.xiaozhu.com/fangzi/103307234201.html,星海广场地铁站 观景音乐喷泉 五人家庭套房,辽宁省大连市沙河口区中山路584号 东方星海A座,158,"https://image.xiaozhustatic3.com/00,800,533/51,0,45,113595,2999,2000,5b2e9292.jpg","https://image.xiaozhustatic1.com/21/51,0,94,105688,364,363,fcf8f97d.jpg",Female,别看价钱看人均
270,http://dl.xiaozhu.com/fangzi/309557801.html,进地铁、【4人】舒适精美标准间,辽宁省大连市沙河口区黄河路582号,158,"https://image.xiaozhustatic3.com/00,800,533/13,0,68,10397,2666,2000,6159c278.jpg","https://image.xiaozhustatic1.com/21/19,0,85,34479,363,363,5e51bf10.jpg",Female,大连丰华小筑
271,http://dl.xiaozhu.com/fangzi/111686153103.html,近北站，华南，地铁 温馨的小猪美家,辽宁省大连市甘井子区泉水A4区 润泽园 8号楼,258,"https://image.xiaozhustatic3.com/00,800,533/20,0,80,19306,1500,1124,ab313dcf.jpg","https://image.xiaozhustatic1.com/21/23,0,8,1698,329,329,c9a27486.jpg",Female,小猪想想想
272,http://dl.xiaozhu.com/fangzi/101895468003.html,【步行10分到机场】带吊椅，回忆,辽宁省大连市甘井子区城市印象小区D座星空公寓,166,"https://image.xiaozhustatic3.com/00,800,533/22,0,41,2854,2666,2000,e1399187.jpg","https://image.xiaozhustatic1.com/21/51,0,71,114037,260,260,d1708f9d.jpg",Female,嘉玲居
273,http://dl.xiaozhu.com/fangzi/105542214103.html,美宿「滨城」长租优惠/西安路商业街/星海广场,辽宁省大连市沙河口区黄河路600号城市公元C座,188,"https://image.xiaozhustatic3.com/00,800,533/19,0,74,8999,2999,2000,d0c7b92a.jpg","https://image.xiaozhustatic1.com/21/20,0,1,21348,414,415,8960edd1.jpg",NA,美宿海风
274,http://dl.xiaozhu.com/fangzi/44709389903.html,【优家-际遇】步行机场十分钟/地铁口/可停车,辽宁省大连市甘井子区贤林园鑫境界7号楼,148,"https://image.xiaozhustatic3.com/00,800,533/18,0,17,21065,2666,2000,f368662e.jpg","https://image.xiaozhustatic1.com/21/15,0,77,16304,270,270,7d3136fb.jpg",Female,优佳美宿
275,http://dl.xiaozhu.com/fangzi/4431268614.html,中山广场地铁2号线温馨小屋,辽宁省大连市中山区中山广场人民路9号,138,"https://image.xiaozhustatic3.com/00,800,533/12,0,97,440,1920,1280,60ae44e5.jpg","https://image.xiaozhustatic1.com/21/7,0,69,10851,281,281,1653d1bd.jpg",Female,ouni2011
276,http://dl.xiaozhu.com/fangzi/26858374203.html,机场前温馨大床房 下楼就是地铁站 直达各地景,辽宁省大连市甘井子区圣林街62号,188,"https://image.xiaozhustatic3.com/00,800,533/17,0,93,14654,3000,2000,b5c1148a.jpg","https://image.xiaozhustatic1.com/21/7,0,77,10977,375,375,ca0bf892.jpg",Female,深谷幽兰712
277,http://dl.xiaozhu.com/fangzi/38867902803.html,钻石湾海滨民宿,辽宁省大连市甘井子区甘井子街道和硕街8号钻石湾未来里G3公寓,188,"https://image.xiaozhustatic3.com/00,800,533/19,0,11,20911,2999,2000,8209b8c1.jpg","https://image.xiaozhustatic1.com/21/22,0,32,3018,260,260,119d2eaa.jpg",Female,xiaowei130
278,http://dl.xiaozhu.com/fangzi/104007249703.html,Q先生私人民宿（大连北站体育新城旗舰店）,辽宁省大连市甘井子区姚工街屹辰优生活219号楼,198,"https://image.xiaozhustatic3.com/00,800,533/17,0,97,21248,1620,1080,c1f45bbf.jpg","https://image.xiaozhustatic1.com/21/51,0,76,117309,260,260,16be2650.jpg",Female,Q先生私人公寓
279,http://dl.xiaozhu.com/fangzi/11699300.html,靠海边精装日租民宿 海景房 舒适双床房 整租,辽宁省大连市沙河口区中山路692号辰熙星海国际大厦,139,"https://image.xiaozhustatic3.com/00,800,533/20,0,7,19457,2666,2000,defe9232.jpg","https://image.xiaozhustatic1.com/21/14,0,88,3965,260,260,8aab696a.jpg",Female,左邻右舍
280,http://dl.xiaozhu.com/fangzi/6476990615.html,西安路近地铁【8人】套房,辽宁省大连市沙河口区黄河路582号美加华公寓,198,"https://image.xiaozhustatic3.com/00,800,533/9,0,96,5575,1200,900,6499884d.jpg","https://image.xiaozhustatic1.com/21/19,0,85,34479,363,363,5e51bf10.jpg",Female,大连丰华小筑
281,http://dl.xiaozhu.com/fangzi/31506602401.html,火车站浪漫温馨大床房歹街威尼斯商圈,辽宁省大连市沙河口区大连火车站友好广场国泰港汇中心,168,"https://image.xiaozhustatic3.com/00,800,533/18,0,3,19644,1656,1242,4112a454.jpg","https://image.xiaozhustatic1.com/21/14,0,81,16553,375,376,e7cb7a90.jpg",Female,Why识友
282,http://dl.xiaozhu.com/fangzi/32969904403.html,开发区快轨/民族大学/南向观海景套房可做饭,辽宁省大连市开发区金马路130号金丰大厦,168,"https://image.xiaozhustatic3.com/00,800,533/20,0,36,38615,2999,2000,636efcee.jpg","https://image.xiaozhustatic1.com/21/20,0,56,36371,260,260,f228fba0.jpg",Female,大连金丰爱家民宿
283,http://dl.xiaozhu.com/fangzi/125384479903.html,【易居.美宿】安盛广场.静谧时光一居室,辽宁省大连市金州区开发区亿锋现代城3号楼,168,"https://image.xiaozhustatic3.com/00,800,533/23,0,85,3324,2666,2000,a07ec373.jpg","https://image.xiaozhustatic1.com/21/22,0,61,114,375,375,d64418ed.jpg",NA,tang简
284,http://dl.xiaozhu.com/fangzi/111667149603.html,金石滩/发现王国/简约风落地窗/交通方便,辽宁省大连市金州区鲁能泰山七号二期,199,"https://image.xiaozhustatic3.com/00,800,533/20,0,3,18948,2991,2000,09dbdc82.jpg","https://image.xiaozhustatic1.com/21/21,0,49,9313,260,260,dbbee1b3.jpg",Female,乐搜精品民宿公寓
285,http://dl.xiaozhu.com/fangzi/111839107503.html,万达周边高层落地窗豪华两居阳光房（整套）,辽宁省大连市普兰店区金普广场二期30号楼,225,"https://image.xiaozhustatic3.com/00,800,533/21,0,86,34444,2666,2000,aadc2dcf.jpg","https://image.xiaozhustatic1.com/21/20,0,62,20687,260,260,531e49b8.jpg",Female,普兰店区如家美宿
286,http://dl.xiaozhu.com/fangzi/126126438703.html,马栏广场温馨家庭房,辽宁省大连市沙河口区马栏广场红星美凯龙益嘉广场,158,"https://image.xiaozhustatic3.com/00,800,533/23,0,36,7040,1440,1080,47cd9b43.jpg","https://image.xiaozhustatic1.com/21/23,0,14,6930,338,520,6173776e.jpg",Female,大连南枝
287,http://dl.xiaozhu.com/fangzi/296784901.html,精美大床房 可做饭,辽宁省大连市沙河口区黄河路582号美加华公寓,128,"https://image.xiaozhustatic3.com/00,853,533/9,0,68,5760,1358,849,860069ef.jpg","https://image.xiaozhustatic1.com/21/19,0,85,34479,363,363,5e51bf10.jpg",Female,大连丰华小筑
288,http://dl.xiaozhu.com/fangzi/107793214603.html,金石滩/黄金海岸/欧式洋房/交通便利,辽宁省大连市金州区鲁能泰山七号小区,199,"https://image.xiaozhustatic3.com/00,800,533/20,0,61,4951,2999,2000,8933bef6.jpg","https://image.xiaozhustatic1.com/21/21,0,49,9313,260,260,dbbee1b3.jpg",Female,乐搜精品民宿公寓
289,http://dl.xiaozhu.com/fangzi/33526314903.html,大连宿间 近星海广场和平商场 动物园圣亚城堡,辽宁省大连市沙河口区和平现代城D座,168,"https://image.xiaozhustatic3.com/00,800,533/15,0,97,17851,1800,1200,c4c5ed1e.jpg","https://image.xiaozhustatic1.com/21/11,0,10,12350,329,329,dc2a56e0.jpg",Female,大连宿间
290,http://dl.xiaozhu.com/fangzi/13339302102.html,星海广场 富国街地铁口 可做饭 含沙发床,辽宁省大连市沙河口区和平广场,108,"https://image.xiaozhustatic3.com/00,800,533/10,0,5,10275,1920,1280,65d988ed.jpg","https://image.xiaozhustatic1.com/21/s,5,6BdL,260,260,2,f77edcd7.jpg",Male,Q先生网红民宿
291,http://dl.xiaozhu.com/fangzi/105716029503.html,星海公园对面 复式越层 家庭房,辽宁省大连市沙河口区中山路595号 星海大厦公建,168,"https://image.xiaozhustatic3.com/00,800,533/22,0,60,12635,2666,2000,ee2ab4eb.jpg","https://image.xiaozhustatic1.com/21/51,0,45,55389,260,260,08196438.jpg",Female,志诚民宿
292,http://dl.xiaozhu.com/fangzi/34341139503.html,和平公园学区双室大床房整租,辽宁省大连市旅顺口区旅顺开发区,199,"https://image.xiaozhustatic3.com/00,800,533/15,0,77,14352,2666,2000,77c0ae71.jpg","https://image.xiaozhustatic1.com/21/15,0,48,14449,260,260,6b2435f3.jpg",Female,望海日租酒店公寓
293,http://dl.xiaozhu.com/fangzi/111826650703.html,[露露’S民宿]如家般体验#两室一卫一厅#,辽宁省大连市甘井子区红旗街道红凌路泊林阳光43号楼,188,"https://image.xiaozhustatic3.com/00,800,533/20,0,27,31275,2666,2000,fda51fc2.jpg","https://image.xiaozhustatic1.com/21/20,0,48,19933,260,260,16c3965e.jpg",Female,毛欠欠儿
294,http://dl.xiaozhu.com/fangzi/119296007403.html,柠檬公寓抽象城景大床房（乳胶垫）,辽宁省大连市金州区光明街道胜利路178号瑞柏中心1号公寓,119,"https://image.xiaozhustatic3.com/00,800,533/21,0,42,24830,1680,1124,cc82ee6f.jpg","https://image.xiaozhustatic1.com/21/21,0,93,41013,329,329,baf41d66.jpg",Male,瑞柏柠檬精品民宿
295,http://dl.xiaozhu.com/fangzi/105558469003.html,1WE奥特莱斯海景民宿轻轨站枢纽宜家造船厂,辽宁省大连市西岗区海顺街101A-8号（百年港湾7号楼 汉堡王左侧、机电市场6号门对面）,119,"https://image.xiaozhustatic3.com/00,800,533/19,0,95,9163,1656,1242,c88a1171.jpg","https://image.xiaozhustatic1.com/21/51,0,58,35049,329,330,d996d81d.jpg",Male,大连奥特莱斯海景
296,http://dl.xiaozhu.com/fangzi/105556906803.html,1VE奥特莱斯海景公寓轻轨站枢纽宜家造船厂,辽宁省大连市西岗区海顺街101A-8号（百年港湾7号楼 汉堡王左侧、机电市场6号门对面）,119,"https://image.xiaozhustatic3.com/00,800,533/19,0,30,8984,1656,1242,dc329162.jpg","https://image.xiaozhustatic1.com/21/51,0,58,35049,329,330,d996d81d.jpg",Male,大连奥特莱斯海景
297,http://dl.xiaozhu.com/fangzi/32367273601.html,星海广场 富国街地铁口 可做饭 温馨大床房,辽宁省大连市沙河口区和平广场,108,"https://image.xiaozhustatic3.com/00,800,533/15,0,62,23114,1800,1200,73b737a1.jpg","https://image.xiaozhustatic1.com/21/s,5,6BdL,260,260,2,f77edcd7.jpg",Male,Q先生网红民宿
298,http://dl.xiaozhu.com/fangzi/119966918601.html,近万达大黑山金石滩近轻轨站LOFT上下层大宅,辽宁省大连市开发区岭湾峰尚二期  独门独户小院子,888,"https://image.xiaozhustatic3.com/00,800,533/21,0,89,32641,2666,2000,06b709c7.jpg","https://image.xiaozhustatic1.com/21/18,0,41,12328,132,132,df762eb3.jpg",Female,青淼小家
299,http://dl.xiaozhu.com/fangzi/35126746603.html,大连机场北站体育中心工业大学电梯洋房可月租,辽宁省大连市甘井子区虹城路中冶蓝城18号楼,199,"https://image.xiaozhustatic3.com/00,800,533/20,0,7,15740,1800,1200,6c64f6e2.jpg","https://image.xiaozhustatic1.com/21/15,0,60,22683,260,260,6c62dc0b.jpg",Male,浪漫蓝城
